https://github.com/1078503/blog,ditou.org,hugo
https://github.com/linonetwo/linonetwo.github.io,onetwo.ren,
https://github.com/jalenchuh/blog,jalenz.cn,hugo
https://github.com/vivaxyblog/vivaxyblog.github.io,vivaxyblog.github.io,
https://gitee.com/jaredtao/jaredtao,jaredtao.gitee.io,hexo
https://github.com/claude-ray/claude-ray.github.io,claude-ray.github.io,hexo
https://github.com/iphyer/iphyer.github.io,iphyer.github.io,
https://github.com/mabbs/mabbs.github.io,mabbs.github.io,
https://github.com/thewanderingpotato/thewanderingpotato.github.io,thewanderingpotato.github.io,
https://github.com/zsqk/news,zsqk.github.io,
https://github.com/luyuhuang/luyuhuang.github.io,luyuhuang.github.io,hexo
https://github.com/jasonkayzk/jasonkayzk.github.io,jasonkayzk.github.io,hexo
https://github.com/hh54188/jekyll-blog,qingbob.com,
https://github.com/cyril3/cyril3.github.io,cyril3.github.io,自定义
https://github.com/hijiangtao/hijiangtao.github.io,hijiangtao.github.io,
https://github.com/knightyun/knightyun.github.io,knightyun.github.io,
https://github.com/shrekshao/shrekshao.github.io,shrekshao.github.io,
https://github.com/alxddh/alxddh.github.io,alxddh.github.io,
https://github.com/objcoding/objcoding.github.io,objcoding.com,
https://github.com/lineuman/blog,lineuman_blog,
https://github.com/yk-liu/yk-liu.github.io,yk-liu.github.io,
https://github.com/Liu0330/Liu0330.github.io,Liu0330.github.io,
https://github.com/biezhi/blog,blog.biezhi.me,
https://github.com/cnfeat/cnfeat.github.io,www.cnfeat.com,
https://github.com/barretlee/blog,www.barretlee.com,自定义
https://github.com/nicejade/nicejade.github.io,www.jeffjade.com,
https://github.com/forecho/hugo-blog,blog.forecho.com,hugo
https://github.com/program-in-chinese/team_website,codeinchinese.com,
https://gitee.com/MulanRevive/bounty,gitee.com/MulanRevive/bounty,自定义
https://github.com/f2h2h1/f2h2h1.github.io,f2h2h1.github.io,自定义
https://github.com/AemonCao/AemonCao.github.io,aemoncao.github.io,hexo
https://github.com/dianjiaogit/dianjiaogit.github.io,dianjiaogit.github.io,
https://github.com/xieguanglei/xieguanglei.github.io,xieguanglei.github.io,自定义
https://github.com/conge/conge.github.io,conge.livingwithfcs.org,
https://github.com/shiina18/shiina18.github.io,shiina18.github.io,
https://github.com/hukeqing/hukeqing.github.io,blog.mauve.icu,hexo