ditou.org,2019-07-14T01:16:33+08:00,ã€åˆ†äº«ã€‘å¦‚æœç»™ä½ ä¸€è¾†æˆ¿è½¦ä½ å‡†å¤‡æ€ä¹ˆå»ç©
ditou.org,2019-07-30T00:10:12+08:00,ã€ç”µå½±ã€‘é¡¾é•¿å«å¯¼æ¼”ä½œå“ã€Šå­”é›€ã€‹
ditou.org,2019-07-11T17:56:23+08:00,ã€éšç¬”ã€‘ä¸­å›½çš„åƒåœ¾åˆ†ç±»ä»»é‡é“è¿œ
ditou.org,2019-07-25T22:26:34+08:00,ã€éšç¬”ã€‘é²œèŠ±ç››å¼€çš„å­£èŠ‚ï¼Œå¯æ˜¯å¤ªçƒ­äº†
ditou.org,2019-07-21T18:45:40+08:00,ã€éšç¬”ã€‘æœ‰å¤šå°‘å¹´è½»äººæ˜¯ä¹ æƒ¯æ€§æ™šç¡çš„ï¼Ÿ
ditou.org,2019-07-15T21:50:16+08:00,ã€åˆ†äº«ã€‘ä¿„ç½—æ–¯å¦‚ä½•å¤„ç†æ€§æ•™è‚²ï¼Ÿ
ditou.org,2019-07-06T22:33:32+08:00,ã€éšç¬”ã€‘æˆ‘èƒ¡æ±‰ä¸‰åˆå›æ¥äº†
ditou.org,2019-07-17T15:56:01+08:00,ã€åˆ†äº«ã€‘äºŒåå¹´å‰çš„Win98ç”µè„‘
ditou.org,2019-07-13T13:13:24+08:00,ã€åˆ†äº«ã€‘èšŠå­è¦å‡ºæ¥å’¬äººå•¦
ditou.org,2019-07-14T23:30:15+08:00,ã€éšç¬”ã€‘è‡ªä»æœ‰äº†åšå®¢æŠ˜è…¾æ˜¯æ—¥å¸¸ä¹ æƒ¯
ditou.org,2019-07-29T01:42:39+08:00,ã€éšç¬”ã€‘ç©·åˆ™æ€å˜å·®åˆ™æ€å‹¤
ditou.org,2019-07-09T13:14:12+08:00,ã€ç²¾å½©åšæ–‡ã€‘å‘¨å¤©å‹‡ï¼šæœªæ¥ä¸­å›½åå‡ äº¿å±…æ°‘éƒ½è¦ä½åœ¨å‡ åå±‚é«˜çš„æ¥¼å®‡ä¸­å—ï¼Ÿ
ditou.org,2019-09-18T01:19:55+08:00,ã€éšç¬”ã€‘è¢«é™æƒåå¾ˆéš¾ç†¬çš„æƒ³æ³•
ditou.org,2019-09-09T22:52:13+08:00,ã€éšç¬”ã€‘æ´»ç€çš„æ„ä¹‰å’Œå¸Œæœ›æ˜¯ä»€ä¹ˆ
ditou.org,2019-09-19T20:31:29+08:00,ã€éšç¬”ã€‘å‰å¤©åˆšè¯´å®Œæ²¡åŠ¨åŠ›æ˜¨æ™šå›å®¶å°±å‘ç°å¥½äº‹æƒ…ğŸ˜„
ditou.org,2019-09-29T23:56:27+08:00,ã€éšç¬”ã€‘æ— æ ‡é¢˜ä½†æ ‡é¢˜è¦é•¿é‚£å°±è¿™æ ·å§
ditou.org,2019-09-16T02:10:17+08:00,ã€æ±½è½¦ã€‘ä¸€å°å¯ä»¥åˆæ³•ä¸Šè·¯çš„èµ›é“è½¦
ditou.org,2019-09-26T00:23:45+08:00,ã€éšç¬”ã€‘æ–°å¼€çš„VPSä¸€èˆ¬éœ€è¦å…ˆåšäº›ä»€ä¹ˆ
ditou.org,2019-09-12T00:41:40+08:00,ã€éšç¬”ã€‘å¥½ä¹…æ²¡æœ‰æ¥è‡ªGoogleæœç´¢çš„æ¥è·¯è®¿é—®äº†
ditou.org,2019-09-07T21:30:02+08:00,ã€éšç¬”ã€‘è¿™å¹´å¤´è·‘è·¯çš„æ¯”è·‘æ­¥çš„è¿˜å¤š
ditou.org,2019-08-03T23:27:14+08:00,ã€éšç¬”ã€‘æ—¥æ›´å¾ˆéš¾åªèƒ½è¯æ˜ä¸€ä¸‹å­˜åœ¨æ„Ÿäº†
ditou.org,2019-08-16T02:17:28+08:00,ã€éšç¬”ã€‘åœ¨åå°æ”¾å‡ºæ¥å¥½å‡ æ¡â€œåƒåœ¾è¯„è®ºâ€
ditou.org,2019-08-06T18:33:12+08:00,ã€ç½‘ç«™ç»´æŠ¤ã€‘ä¸€äº›ç®€å•æ»¡æ„çš„è°ƒæ•´
ditou.org,2019-08-11T20:15:51+08:00,ã€åˆ†äº«ã€‘Mastodonï¼šä¸€ä¸ªå…è´¹å¼€æºçš„åˆ†å¸ƒå¼å¾®åšå®¢ç¤¾äº¤ç½‘ç»œ
ditou.org,2019-08-30T23:20:50+08:00,ã€éšç¬”ã€‘å¿™ç¢Œä¹‹ä½™è¿½äº†ä¸€éƒ¨å‰§å€¼å¾—æ¨è
ditou.org,2019-08-24T03:37:20+08:00,ã€åˆ†äº«ã€‘ä½¿ç”¨hugoæ­å»ºé™æ€åšå®¢
ditou.org,2019-06-15T23:27:46+08:00,ã€éšç¬”ã€‘ä¸æ—¥å¸¸çš„æ—¥å¸¸éšç¬”
ditou.org,2019-06-21T22:22:36+08:00,ã€ç½‘ç«™ç»´æŠ¤ã€‘æœªé›¨ç»¸ç¼ªå¯ç”¨è‡ªå»ºå›¾åºŠ
ditou.org,2019-06-24T13:01:22+08:00,ã€éšç¬”ã€‘æ„Ÿè§‰ç´¯äº†å°±æ”¾ç©ºè‡ªå·±
ditou.org,2019-06-19T21:10:56+08:00,ã€éšç¬”ã€‘ä¸€æ¬¡æ„‰å¿«çš„è‹¹æœå®¢æœç”µè¯æ²Ÿé€šè¿‡ç¨‹
ditou.org,2019-06-04T01:16:33+08:00,ã€éšç¬”ã€‘ä»Šæ™šé‡åˆ°ä¸¤ä»¶ä»¤æˆ‘ä¸æ€ä¹ˆå¼€å¿ƒçš„äº‹æƒ…
ditou.org,2019-06-14T13:22:10+08:00,ã€æ–°é—»ã€‘å¼€å±€ä¸€å¼ å›¾å…¶å®ƒå…¨é ç¼–
ditou.org,2019-06-20T14:43:24+08:00,ã€ç½‘ç«™ç»´æŠ¤ã€‘å¢åŠ äº†å¯¹æ€æºå®‹ä½“çš„æ”¯æŒ
ditou.org,2019-06-17T14:44:36+08:00,ã€è§†é¢‘åˆ†äº«ã€‘æ²¹ç®¡è§†é¢‘åˆ†äº«ä¹‹é‡äººå“¥å“¥
ditou.org,2019-06-06T01:10:33+08:00,ã€ç½‘ç«™ç»´æŠ¤ã€‘ä¸€äº›å˜åŒ–
ditou.org,2019-06-02T01:16:33+08:00,ã€ç”µè„‘ã€‘Win10å…³é—­ç³»ç»Ÿé€šçŸ¥ä¸­å¿ƒå¹¿å‘Š
ditou.org,2019-06-17T15:35:29+08:00,ã€æ–°é—»ã€‘ä¸­å›½å®˜æ–¹å†æ¬¡æ‹‰å“æˆ¿åœ°äº§è­¦æŠ¥
ditou.org,2019-06-12T17:52:54+08:00,ã€ç½‘ç«™ç»´æŠ¤ã€‘ç»è¿‡å‡ å¤©çš„åŠªåŠ›ç»ˆäºæŠŠé™æ€åšå®¢æä¸Šçº¿äº†
ditou.org,2019-06-19T18:21:01+08:00,ã€éšç¬”ã€‘ç¥å¤©ä¸‹å¥³å¸æœºæ—©æ—¥å‡ºå¸ˆ
ditou.org,2019-06-06T01:16:33+08:00,ã€ç”µè„‘ã€‘é‡ç£…æ¨èä¹‹ FeedDemonå¿ƒçµåšå®¢é‡åˆ¶ç‰ˆ
ditou.org,2019-06-08T01:16:33+08:00,ã€ç²¾å½©åšæ–‡ã€‘ä»ç”µå­å±å¹•æ‰‹ä¸­å¤ºå›å¤§è„‘
ditou.org,2019-06-18T14:22:19+08:00,ã€æ–°é—»ã€‘å·²ç»æ˜¯ä»˜è´¹ä¼šå‘˜äº†ï¼Œä¸ºå•¥è¿˜å¾—å†æé’±ä¹°ä¸œè¥¿
ditou.org,2019-12-17T23:04:02+08:00,ã€éšç¬”ã€‘æ›´æ¢åŸŸå
ditou.org,2019-12-07T00:38:07+08:00,ã€éšç¬”ã€‘æ”¾å¼ƒäººç”Ÿæ¢ç”¨Mainroadä¸»é¢˜
ditou.org,2019-12-05T00:32:38+08:00,ã€éšç¬”ã€‘æˆ‘ä¸ºä»€ä¹ˆå–åå«è¿‘è§†çœ¼é€›åšå®¢
ditou.org,2019-12-25T23:18:15+08:00,ã€åˆ†äº«ã€‘äººç”Ÿçš„æ„ä¹‰
ditou.org,2019-12-14T20:03:15+08:00,ã€éšç¬”ã€‘å¾—ä¸åˆ°çš„æ‰ä¸ä¼šæœ‰æŒæ— æ
ditou.org,2019-05-28T01:16:33+08:00,ã€ç²¾å½©åšæ–‡ã€‘å¬è¯´ä½ äº‹äº‹éƒ½ä¸æƒ³åƒäº
ditou.org,2019-05-29T01:16:33+08:00,ã€éšç¬”ã€‘å»ºç«‹ä¸€ä¸ªåšå®¢å…¶å®å¹¶æ²¡æœ‰é‚£ä¹ˆéš¾
ditou.org,2019-05-02T01:10:33+08:00,ã€è½¬è½½ã€‘ç»™å¤„å¥³çš„ä¸€ä¸ªå¿ å‘Šï¼
ditou.org,2019-05-26T01:16:33+08:00,ã€ç”µå½±ã€‘ç»å…¸é«˜åˆ†å‰§æƒ…ã€Šå¤©æ³¨å®šã€‹
ditou.org,2019-05-12T01:16:33+08:00,ã€ç½‘ç«™ç»´æŠ¤ã€‘Googleé€šè¿‡äº†æˆ‘çš„Adsenseè´¦æˆ·
ditou.org,2019-05-31T01:16:33+08:00,ã€æ–°é—»ã€‘åŸºå› åˆ†ææ­å¼€æ—¥æœ¬äººèµ·æºä¹‹è°œ
ditou.org,2019-05-22T01:16:33+08:00,ã€ç²¾å½©åšæ–‡ã€‘å‘¨è“¬å®‰ï¼šä¸­å°å­¦ç”Ÿç¡çœ ä¸è¶³ï¼Œè¿™ç§å®³äººæ•™è‚²è¯¥ä¼‘çŸ£
ditou.org,2019-05-07T01:16:33+08:00,ã€éšç¬”ã€‘ç‹¬ç«‹åšå®¢æ‰åˆšåˆšå¼€å§‹
ditou.org,2019-05-17T01:16:33+08:00,ã€ç”µè„‘ã€‘ä»Šå¤©ä¸ºchromeä»‹ç»ä¸€æ¬¾æ‰©å±•ç¨‹åº
ditou.org,2019-05-23T01:16:33+08:00,"ã€[æ–°é—»çœ‹ç‚¹ã€‘20190523"""
ditou.org,2019-05-03T01:16:33+08:00,ã€åˆ†äº«ã€‘å†™ä½œæ˜¯æœ€å…·å¯æ‰©å±•æ€§çš„æ´»åŠ¨
ditou.org,2019-05-04T01:16:33+08:00,ã€æ–°é—»çœ‹ç‚¹ã€‘20190504
ditou.org,2019-05-14T01:16:33+08:00,ã€éšç¬”ã€‘æœ‹å‹çš„ç¬”è®°æœ¬ç”µè„‘
ditou.org,2019-05-10T01:16:33+08:00,ã€æ–°é—»çœ‹ç‚¹ã€‘20190510
ditou.org,2019-05-25T01:16:33+08:00,ã€ç²¾å½©åšæ–‡ã€‘ä½å‚çš„æœå®
ditou.org,2019-05-31T01:10:33+08:00,ã€éšç¬”ã€‘å…­ä¸€å¿«ä¹
ditou.org,2019-05-21T01:16:33+08:00,ã€ç½‘ç«™ç»´æŠ¤ã€‘å¿ä¸ä½æ¢åˆ°äº†æ´›æ‰çŸ¶æœºæˆ¿
ditou.org,2019-05-23T01:16:33+08:00,ã€æ±½è½¦çœ‹ç‚¹ã€‘20190523
ditou.org,2019-05-02T01:16:33+08:00,ã€æ±½è½¦ã€‘çŒè±¹æ–°CS10ï¼Œå€¼å¾—ä¹°å—ï¼Ÿ
ditou.org,2019-11-24T22:16:21+08:00,ã€éšç¬”ã€‘é™æ¸©äº†
ditou.org,2019-11-21T19:53:15+08:00,ã€éšç¬”ã€‘æ”¶è·çš„å­£èŠ‚
ditou.org,2019-11-01T03:51:20+08:00,ã€éšç¬”ã€‘åä¸€æœˆäº†å“¦
ditou.org,2019-11-21T00:42:00+08:00,ã€åˆ†äº«ã€‘å®å¡”é¢æ¿ä¸­é€šè¿‡GitHubåŒæ­¥åšå®¢ä»“åº“å¹¶é€šè¿‡webhookå‹¾å­æ‹‰å–æ›´æ–°
ditou.org,2019-11-26T01:01:07+08:00,ã€éšç¬”ã€‘ä¸€å¤´ç‰›168ä¸‡äººæ°‘å¸
ditou.org,2019-11-12T23:50:47+08:00,ã€éšç¬”ã€‘åŒåä¸€è¿‡å®Œäº†
ditou.org,2019-11-17T11:35:58+08:00,ã€éšç¬”ã€‘æ¯å¤©å”¤é†’ä½ çš„æ˜¯é—¹é’Ÿè¿˜æ˜¯ä½ å¯¹è¿™ä¸ªä¸–ç•Œçš„æ¸´æœ›
ditou.org,2019-11-29T22:43:04+08:00,ã€éšç¬”ã€‘æ¹¿å†·çš„å†¬å¤©
ditou.org,2019-10-15T01:01:33+08:00,ã€åˆ†äº«ã€‘ä¿„ç½—æ–¯ä¾¿å®œVPSæœ€ä½5å…ƒæ”¯æŒå¾®ä¿¡ä»˜æ¬¾
ditou.org,2019-10-10T00:39:39+08:00,ã€ç”µå½±æ¨èã€‘æˆ‘ä¸æ˜¯ç‹æ¯›
ditou.org,2019-10-24T21:23:04+08:00,ã€éšç¬”ã€‘ç”±åŠ›å¸†æ±½è½¦å€ºåŠ¡å±æœºæƒ³åˆ°çš„
ditou.org,2019-10-04T17:04:09+08:00,ã€åˆ†äº«ã€‘ImgURLå›¾åºŠæºç 
ditou.org,2019-10-27T22:24:08+08:00,ã€ç”µå½±æ¨èã€‘å²æœˆé£äº‘ä¹‹ä¸Šæµ·çš‡å¸ BD å›½ç²¤åŒè¯­ä¸­å­—
ditou.org,2019-10-27T00:09:17+08:00,ã€åˆ†äº«ã€‘HostMemï¼šæ´›æ‰çŸ¶CN2 GT KVM VPSæŒ‰å°æ—¶ä»˜è´¹æŒ‰éœ€ä½¿ç”¨æµé‡åŒ…
ditou.org,2021-01-24T00:51:11+08:00,ä½ è¯¥æ•´ç†ä½ çš„æµè§ˆå™¨ä¹¦ç­¾äº†
ditou.org,2021-02-02T20:03:04+08:00,ç®€ä½“ä¸­æ–‡ç¿»è¯‘æ°”æ­»äºº
ditou.org,2021-02-25T20:10:25+08:00,Clubhouse åˆä½“éªŒ
ditou.org,2021-02-12T14:46:04+08:00,9å·ç«™æ­£å¼å¼€é—¨è¥ä¸šå•¦
ditou.org,2020-04-22T23:54:11+08:00,å‰§è’ï¼Œå°ä¼™ä¼´ä»¬è¿˜æœ‰å¥½çœ‹çš„å‰§é›†æ¨èå—ï¼Ÿ
ditou.org,2020-03-01T20:16:06+08:00,è¯´è¯´RSSçš„å¿…è¦æ€§
ditou.org,2020-03-20T20:42:00+08:00,ç¦»ä¸Šä¸€æ¬¡æ›´æ–°åˆè¿‡å»å¤§åŠä¸ªæœˆäº†
ditou.org,2020-02-20T10:06:00+08:00,ç ”ç©¶hugo+Github+Forestry
ditou.org,2020-02-04T22:54:18+08:00,å¦‚æœä½ æ˜¯è€æ¿æˆ‘å›å»å¤å·¥ä½ å®³æ€•å—
ditou.org,2020-02-15T23:05:39+08:00,å®³æ€•ä½œæ¯æ¯«æ— è§„å¾‹
ditou.org,2020-02-26T13:30:35.000+00:00,æˆ‘åˆå¹²äº†å•¥
ditou.org,2020-02-02T16:49:50+08:00,é™¤ä¸‹è‰ä¸ç„¶æ€•ä½ ä»¬ä»¥ä¸ºæˆ‘è¢«éš”ç¦»äº†
ditou.org,2020-02-07T19:06:57+08:00,æˆ‘å–œæ¬¢æœ‰äº›é˜³å…‰å’Œé£æ™¯ï¼Œæ€»èƒ½ç…§è€€å’Œå®½æ…°äººä»¬çš„å¿ƒçµ
ditou.org,2020-05-11T23:10:53+08:00,2020å¹´5æœˆçš„ä¸€äº›æ„Ÿæ‚Ÿ
ditou.org,2020-05-16T23:13:08+08:00,æƒ¹ä¸èµ·æˆ‘è¿˜èº²ä¸èµ·å—
ditou.org,2020-10-30T22:14:56+08:00,é‡å›è¿‘è§†çœ¼é€›åšå®¢
ditou.org,2020-09-04T21:05:24+08:00,æœ€è¿‘å…³æ³¨çš„ä¸€äº›æœ‰è¶£çš„ä¸œè¥¿
ditou.org,2020-07-09T21:38:45+08:00,ä¸€ä¸å°å¿ƒæ¥è¿‘ä¸¤ä¸ªæœˆæ²¡æœ‰æ›´æ–°äº†
ditou.org,2020-01-01T00:29:33+08:00,ã€éšç¬”ã€‘å›é¡¾2019
ditou.org,2020-08-16T20:21:30+08:00,å¤©æ°”å¤ªçƒ­äº†
ditou.org,2020-12-24T22:40:00+08:00,æˆ‘ä¸ºä»€ä¹ˆä½¿ç”¨ Linux ä½œä¸ºæ¡Œé¢ç³»ç»Ÿ
onetwo.ren,2018-02-26 22:40:19 +0800,æ¥çœ‹çœ‹åˆ†å¸ƒå¼ç¤¾äº¤åè®®æ ˆSolidå’Œäººäººå¯ç”¨çš„å†…å®¹åˆ†å‘ç½‘ç»œIPFS
onetwo.ren,2020-04-13 15:58:31 +0800,ç”¨TiddlyWikiæ›¿ä»£Notionå’ŒEverNoteä½œä¸ºä¸ªäººçŸ¥è¯†ç®¡ç†ç³»ç»Ÿ
onetwo.ren,2016-10-01 10:27:20 +0800,æŠŠRESTåŒ…è£…æˆGraphQL
onetwo.ren,2016-12-25 13:27:20 +0800,æŠŠGraphQLè½¬æ¢æˆNeo4jçš„Cypher
onetwo.ren,2017-05-26 16:37:19 +0800,æä¸€é—¨ç¼–è¯‘åˆ°JSè¯­è¨€
onetwo.ren,2018-12-02 16:37:19 +0800,SoLiDå•†ä¸šæ¨¡å¼ä¸è¯­ä¹‰ç½‘å•†ä¸šæ¨¡å¼
onetwo.ren,2017-02-03 11:14:20 +0800,äº‹ä½“ï¼šå¤„ç†äººæ ¼çš„è¾¹ç•Œ
onetwo.ren,2019-09-20 21:52:35 +0800,è¿™ä¸ªç©ç¬‘ä¸èƒ½å¼€å‘€
onetwo.ren,2018-12-19 23:42:19 +0800,è‡ªå»º Starbound ç½‘æ¸¸æœåŠ¡å™¨
onetwo.ren,2016-08-07 15:08:20 +0800,é‡‘èçŸ¥è¯†å›¾è°±æ¦‚è¿°
onetwo.ren,2017-02-22 22:20:19 +0800,ReactStorybookçš„å„ç§æ•…äº‹
onetwo.ren,2017-08-25 19:37:19 +0800,çº§è”GraphQLè®¿é—®æ§åˆ¶
onetwo.ren,2019-05-21 12:00:35 +0800,Alfredçš„å…è´¹å¼€æºæ›¿ä»£å“Zazu
onetwo.ren,2016-07-15 19:35:48 +0800,ç”¨ jekyll å»ºæ­¤ç«™å‘æ–‡
onetwo.ren,2018-03-14 22:32:42 +0800,æ˜Ÿç•Œè¾¹å¢ƒé‚£ä¹ˆå¤§ï¼Œæˆ‘å´æ‡’å¾—åŠ¨
onetwo.ren,2017-08-21 20:43:19 +0800,å‰ç«¯æ’ä»¶ç³»ç»Ÿè®¾è®¡
onetwo.ren,2019-04-13 20:25:10 +0800,ç”¨æµè§ˆå™¨è¾“å…¥æ¡†ä»£æ›¿Alfred
onetwo.ren,2017-02-12 10:26:19 +0800,Wrapping RESTful in GraphQL
onetwo.ren,2018-12-19 23:42:19 +0800,ç”¨ Notion.so è®°å½•åšå®¢è‰ç¨¿
onetwo.ren,2018-03-15 00:00:54 +0800,é­”æ³•çš„åŸºç¡€è®¾æ–½
onetwo.ren,2016-08-04 22:29:00 +0800,Meteoræ¨å‡ºçš„æ•°æ®æ¡†æ¶APOLLO
onetwo.ren,2017-03-13 17:44:19 +0800,RxJSåŸºæœ¬å•å­è¯å…¸
onetwo.ren,2018-03-06 21:32:11 +0800,JS-IPFSæ–‡ä»¶æ·»åŠ æ‹›å¼è¡¨
blog.jalenchuh.cn,2020-01-01,å†è§ 2019ï¼Œä½ å¥½ 2020
blog.jalenchuh.cn,2019-11-24,Hello World
blog.jalenchuh.cn,2020-04-02,Hexo Fluid æš—é»‘æ¨¡å¼
blog.jalenchuh.cn,2020-07-30,æˆ‘æ˜¯å¦‚ä½•åŠ é€Ÿåšå®¢çš„
blog.jalenchuh.cn,2020-10-19 21:54:24,ã€Œå‘¨è®°ã€è€ƒè¯•å‘¨
blog.jalenchuh.cn,2021-02-05,å†è§ 2020ï¼Œä½ å¥½ 2021
blog.jalenchuh.cn,2020-07-05,åˆ©ç”¨ GitHub Action å®ç°è‡ªåŠ¨åŒ–
blog.jalenchuh.cn,2020-08-11 09:05:19,åˆ©ç”¨ GitHub ä» sitemap ä¸­æå–é“¾æ¥å¹¶æ¨é€è‡³ç™¾åº¦
blog.jalenchuh.cn,2021-02-06 22:34:47,æ˜¥èŠ‚Â·å‰
blog.jalenchuh.cn,2020-07-11,P3372 ã€æ¨¡æ¿ã€‘çº¿æ®µæ ‘ 2
blog.jalenchuh.cn,2020-06-20,å†™åœ¨è®¡ç®—æœºä¼šè€ƒå‰
blog.jalenchuh.cn,2020-03-18,P3368 ã€æ¨¡æ¿ã€‘æ ‘çŠ¶æ•°ç»„ 1
blog.jalenchuh.cn,2020-04-26,HandShaker å¥½çœ‹å®ç”¨çš„æ‰‹æœºç®¡ç†å·¥å…·
blog.jalenchuh.cn,2020-10-02,ã€Œæœˆè®°ã€ä½ å¥½é«˜äºŒ
blog.jalenchuh.cn,2020-08-31,å†è§å…«æœˆ
blog.jalenchuh.cn,2020-04-20,åŠ é€Ÿç½‘é¡µåŠ è½½ï¼Ÿæˆ‘é€‰æ‹©å¯¹å›¾ç‰‡ä¸‹æ‰‹
blog.jalenchuh.cn,2021-02-22 11:50:00,æ˜¥èŠ‚Â·å
blog.jalenchuh.cn,2020-09-19 20:43:50,ã€Šç”Ÿæ­»åŠŸè¯¾ã€‹
blog.jalenchuh.cn,2020-08-27,æ‹›å•†é“¶è¡Œå®å¯æ¢¦è”åå¡å¼€ç®±
blog.jalenchuh.cn,2021-02-11 18:18:52,æ–°å¹´å¿«ä¹
blog.jalenchuh.cn,2020-06-05,P3372 ã€æ¨¡æ¿ã€‘çº¿æ®µæ ‘ 1
blog.jalenchuh.cn,2020-03-26,P3368 ã€æ¨¡æ¿ã€‘æ ‘çŠ¶æ•°ç»„ 2
blog.jalenchuh.cn,2020-08-23,Artalk è‡ªæ‰˜ç®¡è¯„è®ºç³»ç»Ÿçš„åç«¯éƒ¨ç½²
blog.jalenchuh.cn,2019-11-24,2019 CSP æ¸¸è®°
blog.jalenchuh.cn,2020-04-01,Hexo Fluid çæŠ˜è…¾
blog.jalenchuh.cn,2020-07-26,19-20 å­¦å¹´æ€»ç»“
blog.jalenchuh.cn,2020-07-07,çˆ±æŠ˜è…¾çš„å°‘å¹´ï½œæ–°äººæŠ¥é“
vivaxyblog.github.io,2017-06-02,ä¸€ä¸ª reveal.js çš„ Node å‘½ä»¤è¡Œå·¥å…·
vivaxyblog.github.io,2016-08-04,åœ¨ Ajax ä¸­å¼€å¯ CORS
vivaxyblog.github.io,2019-11-19,Babel çš„å·¥ç¨‹åŒ–å®ç°
vivaxyblog.github.io,2017-05-19,JavaScript ä¸­çš„å‡½æ•°å¼ç¼–ç¨‹
vivaxyblog.github.io,2016-03-29,åœ¨ä¸€çº§ç›®å½•ä¸­æ‰¹é‡æ‰§è¡Œå‘½ä»¤
vivaxyblog.github.io,2017-07-22,H5 Flappy Bird æ¸¸æˆåˆ¶ä½œ (2)
vivaxyblog.github.io,2019-08-02,Git Tag And Push Git Tag
vivaxyblog.github.io,2015-05-31,Pitfall in Label Input Click Events
vivaxyblog.github.io,2015-06-02,Alfred Workflow Open in WebStorm
vivaxyblog.github.io,2014-11-30,Setup Gulp Livereload
vivaxyblog.github.io,2016-11-19,"GT, Might be the simplest generator tool for scaffolding ever"
vivaxyblog.github.io,2017-02-09,ç”¨ Promise å®ç° eachSeries
vivaxyblog.github.io,2015-10-27,å¦‚ä½•åœ¨äºšé©¬é€Š EC2 ä¸Šæ­å»º Shadowsocks æœåŠ¡å™¨
vivaxyblog.github.io,2016-07-02,å‰ç«¯ MVC å¼€å‘æ¨¡å¼
vivaxyblog.github.io,2014-06-27,Post Feedback on GitHub Issue from Android Applications
vivaxyblog.github.io,2015-12-29,ç”¨ Editor Config é…ç½®ç»Ÿä¸€ç¼–è¾‘å™¨é…ç½®
vivaxyblog.github.io,2017-07-23,H5 Flappy Bird æ¸¸æˆåˆ¶ä½œ (3)
vivaxyblog.github.io,2015-09-03,Writing Modular JavaScript with ECMAScript 6
vivaxyblog.github.io,2015-04-06,JavaScript æ¨¡å—åŒ–æ¢ç´¢
vivaxyblog.github.io,2017-02-27,FTP ä¸Šä¼ æ¨¡å¼
vivaxyblog.github.io,2020-01-05,How Babel Is Built
vivaxyblog.github.io,2017-04-23,ä½¿ç”¨ WebVR åˆ¶ä½œå…¨æ™¯å›¾
vivaxyblog.github.io,2015-12-08,ç”¨ ECMAScript 6 ç¼–å†™æ¨¡å—åŒ–çš„ JavaScript
vivaxyblog.github.io,2016-08-07,JavaScript ä¸­æµ®ç‚¹è¿ç®—çš„è¯¯å·®
vivaxyblog.github.io,2017-02-02,webpack 2.x è¿ç§»
vivaxyblog.github.io,2018-09-17,åŸºäº Custom Elements çš„ç»„ä»¶åŒ–å¼€å‘
vivaxyblog.github.io,2015-11-30,åŒæ­¥ Kindle çš„æ–‡ç« å‰ªè´´
vivaxyblog.github.io,2015-05-19,Commonly used clear fix
vivaxyblog.github.io,2017-09-05,Karabiner Elements Hyper æ”¹é”®è®¾ç½®
vivaxyblog.github.io,2015-10-20,iOS 7 Switchery
vivaxyblog.github.io,2019-11-07,Decoding A PNG Image with JavaScript Step by Step
vivaxyblog.github.io,2019-08-14,Alfred 4 Workflow Open in VSCode
vivaxyblog.github.io,2011-02-27,s60 æ‰‹æœº java å°æ¸¸æˆ Man(Manorg)
vivaxyblog.github.io,2014-05-11,åœ¨ GitHub ä¸Šæ­å»ºåšå®¢
vivaxyblog.github.io,2017-01-30,webpack ç®€ä»‹
vivaxyblog.github.io,2017-07-12,Webpack require.context çš„ä¸€äº›è¯´æ˜
vivaxyblog.github.io,2016-11-20,"IMPRESSION, Telling A Viewable Impression on A Web Page"
vivaxyblog.github.io,2017-10-26,ç”¨çº¯ CSS å®ç°å¼¹çª—
vivaxyblog.github.io,2016-03-17,æé«˜é¡¹ç›®å¯ç»´æŠ¤æ€§çš„å®è·µ
vivaxyblog.github.io,2017-02-01,webpack dev server ç®€ä»‹
vivaxyblog.github.io,2015-05-21,å¦‚ä½•åœ¨ JavaScript ä¸­ä¼˜é›…åœ°å†™ HTML æ¨¡æ¿
vivaxyblog.github.io,2014-12-12,CapsLock æ”¹ä¸º Hyper é”®
vivaxyblog.github.io,2017-01-31,webpack plugins ç®€ä»‹
vivaxyblog.github.io,2020-04-29,VSCode Conventional Commits Extension
vivaxyblog.github.io,2017-09-25,åœ¨æµè§ˆå™¨ä¸­ä½¿ç”¨ JavaScript æ¨¡å—
vivaxyblog.github.io,2017-08-05,Levenshtein è·ç¦»
vivaxyblog.github.io,2015-12-29,ç”¨ ESLint ç®¡ç† JavaScript çš„ä»£ç é£æ ¼
vivaxyblog.github.io,2016-04-14,æ‰“åŒ… Cortex é¡¹ç›®ä¸º Standalone çš„å·¥å…·
vivaxyblog.github.io,2017-03-30,H5 Flappy Bird æ¸¸æˆåˆ¶ä½œ (1)
vivaxyblog.github.io,2017-05-07,é¢å‘ JavaScript ç¨‹åºå‘˜çš„ Python æ•™ç¨‹
vivaxyblog.github.io,2015-08-14,Pitfall Delegate Event on iOS Safari Not Working
vivaxyblog.github.io,2014-11-30,Alfred Workflows for MacOS
vivaxyblog.github.io,2017-02-28,CSS é«˜åº¦ç»§æ‰¿çš„é—®é¢˜
vivaxyblog.github.io,2017-04-18,React Native çš„ä¸€äº›é—®é¢˜è®°å½•
vivaxyblog.github.io,2014-05-03,ç™¾åº¦æ‰‹æœºè¾“å…¥æ³•è‡ªå®šä¹‰ä¸»é¢˜
vivaxyblog.github.io,2016-02-05,ç”¨ JavaScript ç¼–å†™åŸºäº HTML çš„æ•°å­—æ¨ç›˜æ¸¸æˆçš„ AI
vivaxyblog.github.io,2015-05-20,ç”¨ Animation çš„ Step å±æ€§å®ç°å¸§åŠ¨ç”»
vivaxyblog.github.io,2019-09-30,Use npm Registry to Restric Installing Client
vivaxyblog.github.io,2015-02-15,ä½¿ç”¨ excanvas å®ç° canvas åœ¨ IE7~8 çš„å…¼å®¹
vivaxyblog.github.io,2016-07-15,æœªæ¥çš„å‰ç«¯
vivaxyblog.github.io,2014-05-10,MI2S åˆ· CM
vivaxyblog.github.io,2021-03-07,SameSite Cookies è§£è¯»
vivaxyblog.github.io,2019-12-07,ä¸€æ­¥ä¸€æ­¥è§£ç  PNG å›¾ç‰‡
vivaxyblog.github.io,2014-06-11,Excel æ‰¹é‡æ·»åŠ æ–‡ä»¶è¶…é“¾æ¥
vivaxyblog.github.io,2015-01-14,å‰ç«¯è§„èŒƒ
vivaxyblog.github.io,2016-08-07,åœ¨ WebView ä¸­ç¦ç”¨é»˜è®¤æ»šåŠ¨å’Œä¾§æ»‘è¿”å›
vivaxyblog.github.io,2015-05-25,è°·æ­Œæµè§ˆå™¨äºŒç»´ç æ’ä»¶
vivaxyblog.github.io,2015-05-29,æœ¬åœ°é™æ€èµ„æºæœåŠ¡å™¨
vivaxyblog.github.io,2019-11-06,Comprehensive Image Processing on Browsers
vivaxyblog.github.io,2016-11-26,"GACP, A Better Way to Commit"
vivaxyblog.github.io,2016-08-21,here æ–°ç‰¹æ€§å’Œé—®é¢˜ä¿®å¤
vivaxyblog.github.io,2017-01-30,webpack loaders ç®€ä»‹
vivaxyblog.github.io,2018-04-05,JavaScript PNG å›¾ç‰‡ç¼–ç å’Œè§£ç 
vivaxyblog.github.io,2015-08-22,Preload Images
vivaxyblog.github.io,2016-12-24,JavaScript å¼‚æ­¥ç¼–ç¨‹
vivaxyblog.github.io,2015-11-25,Node Gyp Rebuild Too Slow
vivaxyblog.github.io,2014-07-14,Genymotion Android Emulator
vivaxyblog.github.io,2017-04-11,Redux ä¼˜åŒ–çš„ä¸€äº›æ€è€ƒ
vivaxyblog.github.io,2015-11-30,Textarea çš„ Maxlength é•¿åº¦è®¡ç®—ä¸æ­£ç¡®
vivaxyblog.github.io,2019-11-08,æµè§ˆå™¨å›¾åƒè½¬æ¢æ‰‹å†Œ
vivaxyblog.github.io,2011-02-11,Casio FX-82MS æš‚æ—¶å‡çº§æ–¹æ³•
vivaxyblog.github.io,2014-12-21,Git æŒ‡å—
vivaxyblog.github.io,2020-04-30,VSCode Conventional Commits æ’ä»¶
vivaxyblog.github.io,2011-02-11,Super Miners HighScores çš„ä¿®æ”¹
vivaxyblog.github.io,2016-08-17,åˆ¤æ–­å…ƒç´ æ˜¯å¦åœ¨å±å¹•ä¸­å‡ºç°
vivaxyblog.github.io,2016-05-27,Script æ ‡ç­¾çš„ Load äº‹ä»¶åœ¨ä¸åŒæµè§ˆå™¨ä¸­çš„è¡¨ç°
vivaxyblog.github.io,2017-11-25,JavaScript å‡½æ•°å¼ç¼–ç¨‹åˆçª¥
vivaxyblog.github.io,2017-07-24,H5 Flappy Bird æ¸¸æˆåˆ¶ä½œ (4)
vivaxyblog.github.io,2016-08-05,iOS UIWebview ä¸­åŒå‡»æ–‡æœ¬è§¦å‘é¡µé¢è‡ªåŠ¨æ»šåŠ¨å¯¼è‡´å¼¹çª—é”™ä½
vivaxyblog.github.io,2018-02-07,å¦‚ä½•åœ¨å¤šä¸ªæ¨¡å—ä¸­å…±äº«å¼‚æ­¥æ•°æ®
vivaxyblog.github.io,2017-01-12,å•é¡µåº”ç”¨
vivaxyblog.github.io,2015-08-23,Git Commit Script
vivaxyblog.github.io,2016-10-10,React Scaffold
vivaxyblog.github.io,2015-11-21,How to Copy JSON Object
jaredtao.gitee.io,2019-05-29 18:44:23,ç©è½¬Qt(4)-ç”¨å¥½qmake
jaredtao.gitee.io,2019-05-17 20:37:33,ç©è½¬Qml(5)-Qmlä¸C++äº¤äº’
jaredtao.gitee.io,2020-11-30 12:44:23,QQuickWidgetä¸­æ–‡è¾“å…¥æ³•é—®é¢˜çš„æ­£ç¡®è§£æ³•
jaredtao.gitee.io,2019-09-12 18:44:23,ç©è½¬Qt(9)-ç¨‹åºå‘å¸ƒæŒ‡å—
jaredtao.gitee.io,2019-05-12 23:44:23,ç©è½¬Qml(4)-I18nåŠ¨æ€å›½é™…åŒ–
jaredtao.gitee.io,2019-08-30 18:44:23,ç©è½¬Qt(7)-çª¥æ¢ä¿¡å·æ§½çš„å®ç°ç»†èŠ‚
jaredtao.gitee.io,2019-06-08 12:44:23,ç©è½¬Qml(13)-åŠ¨ç”»ç‰¹æ•ˆ-é£å…¥
jaredtao.gitee.io,2019-12-8 00:44:23,ç©è½¬Qt(13)-å®‰å“5.12.4ç¯å¢ƒæ­å»º
jaredtao.gitee.io,2019-05-22 19:44:23,ç©è½¬Qml(8)-Qmlå±æ€§
jaredtao.gitee.io,2019-05-19 12:33:44,ç©è½¬Qml(7)-è‡ªç»˜ç»„ä»¶
jaredtao.gitee.io,2020-03-04 19:44:23,ç©è½¬Qt(14)-Qtä¸Webæ··åˆå¼€å‘
jaredtao.gitee.io,2019-05-11 12:22:33,ç©è½¬Qml(2)-å¯ä»¥æ‹–åŠ¨çš„ç»„ä»¶
jaredtao.gitee.io,2019-09-02 12:44:23,ç©è½¬Qt(8)-æŒæ¡ä¿¡å·æ§½ä½¿ç”¨ç»†èŠ‚
jaredtao.gitee.io,2019-06-01 12:44:23,ç©è½¬Qml(10)-è‡ªå®šä¹‰Quickæ¨¡å—
jaredtao.gitee.io,2019-04-30 23:44:23,ç©è½¬Qt(2)-è‡ªåˆ¶ç®€æ˜“å¥½çœ‹çš„æ—¥å¿—ç³»ç»Ÿ
jaredtao.gitee.io,2019-05-09 23:44:23,ç©è½¬Qml(1)-ä»æŒ‰é’®å¼€å§‹
jaredtao.gitee.io,2019-05-18 18:44:23,ç©è½¬Qt(3)-ç”¨å¥½QtCreator
jaredtao.gitee.io,2019-12-3 12:44:23,ç©è½¬Qt(11)-github-Actionsè‡ªåŠ¨åŒ–å‘è¡Œ
jaredtao.gitee.io,2019-11-19 12:44:23,ç©è½¬Qt(10)-github-Actionsè‡ªåŠ¨åŒ–ç¼–è¯‘
jaredtao.gitee.io,2020-06-15 23:44:23,ç©è½¬Qml(17)-æ ‘ç»„ä»¶çš„å®šåˆ¶
jaredtao.gitee.io,2019-12-4 12:44:23,ç©è½¬Qt(12)-github-Actionsç¼“å­˜ä¼˜åŒ–
jaredtao.gitee.io,2021-01-20 13:44:23,ç©è½¬QtQuick(1)-SceneGraphåœºæ™¯å›¾ç®€ä»‹
jaredtao.gitee.io,2019-06-09 09:44:23,ç©è½¬Qml(14)-åŠ¨ç”»ç‰¹æ•ˆ-æ¢¯åº¦
jaredtao.gitee.io,2019-07-06 18:44:23,ç©è½¬Qt(5)-ç†è§£äº‹ä»¶å¾ªç¯
jaredtao.gitee.io,2019-07-04 13:44:23,ç©è½¬Qml(16)-ç§»æ¤ShaderToy
jaredtao.gitee.io,2019-04-29 23:44:23,ç©è½¬Qt(1)-è¾“å‡ºå½©è‰²log
jaredtao.gitee.io,2021-01-21 13:44:23,ç©è½¬QtQuick(2)-é»˜è®¤æ¸²æŸ“å™¨
jaredtao.gitee.io,2019-05-12 12:44:23,ç©è½¬Qml(3)-æ¢çš®è‚¤
jaredtao.gitee.io,2020-03-12 19:44:23,ç©è½¬Qt(15)-æ“æ§Webå°è½¦æ¡ˆä¾‹
jaredtao.gitee.io,2019-05-18 12:44:23,ç©è½¬Qml(6)-è¿›åº¦æ¡å®šåˆ¶
jaredtao.gitee.io,2019-6-2 18:44:23,ç©è½¬Qml(11)-æ›´å¼ºçš„æ‹–åŠ¨ç»„ä»¶
jaredtao.gitee.io,2020-11-10 13:44:23,ç©è½¬Qml(18)-ç”¨æˆ·å‘å¯¼
jaredtao.gitee.io,2019-06-22 13:44:23,ç©è½¬Qml(15)-ç€è‰²å™¨æ•ˆæœShaderEffect
jaredtao.gitee.io,2019-06-03 01:44:23,ç©è½¬Qml(12)-å†è°ˆåŠ¨æ€å›½é™…åŒ–
jaredtao.gitee.io,2019-04-29 20:44:23,æ¶›å“¥åšå®¢æ‚è°ˆ
jaredtao.gitee.io,2019-07-23 18:44:23,ç©è½¬Qt(6)-è®¤æ¸…ä¿¡å·æ§½çš„æœ¬è´¨
jaredtao.gitee.io,2019-05-24 18:44:23,ç©è½¬Qml(9)-Modelå’ŒView
claude-ray.github.io,2021-01-27 19:05:25,è®°å½• Got(Node.js) ä»£ç† HTTP è¯·æ±‚çš„å‘
claude-ray.github.io,2019-01-24 21:45:26,Nginxæ”¹å†™$argsæœªç”Ÿæ•ˆè¸©å‘
claude-ray.github.io,2018-01-27 12:57:42,ä½¿ç”¨chokidarç›‘è§†æ–‡ä»¶æ›´æ–°
claude-ray.github.io,,Hello World
claude-ray.github.io,2019-10-02 23:19:44,CSAPP DataLab é¢˜è§£
claude-ray.github.io,2017-12-05 23:40:53,vscode+evernoteäº‘ç¬”è®°
claude-ray.github.io,2019-01-09 22:42:14,Nginx çš„ if ä½¿ç”¨é¡»çŸ¥
claude-ray.github.io,2019-11-30 19:08:03,Verdaccio æ€§èƒ½ä¼˜åŒ–ï¼šä»£ç†åˆ†æµ
claude-ray.github.io,2019-12-06 12:04:56,è®© npm install ä¸ä½¿ç”¨ç¼“å­˜çš„æ–¹æ³•
claude-ray.github.io,2017-10-05 09:15:09,lodash3å‡çº§4è¸©å‘
claude-ray.github.io,2019-06-28 22:58:34,Hexo NexT ä¸»é¢˜å‡çº§
claude-ray.github.io,2018-12-01 22:03:28,Ubuntué…ç½®ss-localå®¢æˆ·ç«¯
claude-ray.github.io,2019-05-19 21:52:35,Node.js APM äº§å“è°ƒç ”
claude-ray.github.io,2020-01-01 14:21:32,ä» Vimium åˆ° qutebrowser
claude-ray.github.io,2019-09-12 20:06:19,Hexo NexT ä¸»é¢˜å‡çº§ 7.4
claude-ray.github.io,2018-10-30 22:05:19,Jestå…±äº«serverå’Œtestsçš„ä¸Šä¸‹æ–‡ç¯å¢ƒ
claude-ray.github.io,2019-08-10 13:13:49,Nginx SWRR ç®—æ³•è§£è¯»
claude-ray.github.io,2018-10-18 22:16:05,koaä¹‹Content-Typeä¸Content-Length
claude-ray.github.io,2018-12-15 18:48:24,iptablesä¸ä¼šä¸»åŠ¨æ–­å¼€å·²æœ‰è¿æ¥
claude-ray.github.io,2019-01-29 22:13:36,å¦‚ä½•é¿å…svnåˆå¹¶å†²çª
claude-ray.github.io,2019-09-10 23:45:17,From Journeyman to Master
claude-ray.github.io,2018-12-21 20:49:03,PM2 cluster + log4jsï¼Ÿå¹¶ä¸ç†æƒ³çš„ç»„åˆ
claude-ray.github.io,2018-10-12 22:04:17,Nodejsä½¿ç”¨MySQL 4.1çš„é—®é¢˜è§£å†³
claude-ray.github.io,2018-07-31 22:51:14,é˜¿é‡Œäº‘éªŒè¯ç nodeæ¥å…¥
claude-ray.github.io,2019-07-12 21:18:53,elastic-apm-node æ‰©å±•ç¯‡ â€”â€” Egg
claude-ray.github.io,2019-07-11 22:54:59,elastic-apm-node æ‰©å±•ç¯‡ â€”â€” Express
claude-ray.github.io,2020-12-23 20:49:53,å¦‚ä½•ç®¡ç†æ¡Œé¢çª—å£
claude-ray.github.io,2020-07-03 19:38:57,SSR é¡µé¢ CDN ç¼“å­˜å®è·µ
claude-ray.github.io,2018-08-23 21:16:15,ubuntu16.04å‡çº§18.04LTS
claude-ray.github.io,2019-05-23 15:12:28,è®© Node.js Server ä¼˜é›…é€€å‡º
claude-ray.github.io,2019-01-03 21:56:48,crontab ä¸­ä½¿ç”¨ pm2
claude-ray.github.io,2019-07-17 20:55:30,fcitx-remote-for-osx è®¾ç½® Squirrel è¾“å…¥æ³•åˆ‡æ¢
claude-ray.github.io,2020-04-29 21:13:15,åˆ†äº«ä¸€ä¸ª npm dist-tag çš„å†·çŸ¥è¯†
claude-ray.github.io,2019-08-08 21:31:02,è®°ä¸€æ¬¡ Node.js è¿›ç¨‹æŒ‚èµ·çš„ BUG è¿½è¸ª
claude-ray.github.io,2019-08-01 21:56:25,è­¦æƒ• Travis CI çš„ npm ç¼“å­˜
claude-ray.github.io,2017-10-05 08:50:46,Nodeè·å–GBKç¼–ç â€œå­—ç¬¦ä¸²â€
claude-ray.github.io,2019-03-11 22:11:05,MySQL åˆ†é¡µæŸ¥è¯¢ä¼˜åŒ–æ€è·¯
claude-ray.github.io,2018-09-02 21:46:55,nodeå›¾å½¢éªŒè¯ç å®ç°
claude-ray.github.io,2019-02-21 21:35:43,å½“ bind_ip:127.0.0.1 é‡ä¸Š Debian çš„é»˜è®¤ host
claude-ray.github.io,2017-12-20 22:45:20,ç¼“å­˜ä¸å½“è‡³æœåŠ¡å´©æºƒ
claude-ray.github.io,2018-02-26 22:16:20,requestä¸­æ–‡ä¹±ç é—®é¢˜
claude-ray.github.io,2019-10-22 19:32:39,Verdaccio æ€§èƒ½ä¼˜åŒ–ï¼šä¸Šæ¸¸è·¯å¾„è½¬å‘
claude-ray.github.io,2019-12-31 19:46:30,Verdaccio æ€§èƒ½ä¼˜åŒ–ï¼šå•æœº Cluster
claude-ray.github.io,2019-08-24 1:20:41,Mac ä¸Šç§»é™¤ EasyConnect å¸¸é©»åå°è¿›ç¨‹
claude-ray.github.io,2019-05-27 22:46:05,Node.js APM äº§å“è°ƒç ”ï¼šElastic APM
claude-ray.github.io,2019-09-17 19:44:02,ä¸é è°±çš„ Egg.js æ¡†æ¶å¼€å‘æŒ‡å—
claude-ray.github.io,2020-05-16 19:35:30,ä» is-promise äº‹ä»¶æˆ‘ä»¬å¯ä»¥å­¦åˆ°ä»€ä¹ˆ
claude-ray.github.io,2017-06-18 22:09:28,Hexoæ­å»ºè¿‡ç¨‹
claude-ray.github.io,2018-10-23 22:08:09,MongoDBå‡çº§4.0å’Œäº‹åŠ¡ä½¿ç”¨å°è®°
claude-ray.github.io,2017-07-24 22:54:05,Expressæºç åˆ†æ
claude-ray.github.io,2018-12-12 22:49:00,æ€»ç»“nodeå¤„ç†GBKç¼–ç 
claude-ray.github.io,2019-09-13 11:55:57,å¦‚ä½•è§£å†³ Debian ç³» Elastic apm-server 7.x å¯åŠ¨å¤±è´¥
claude-ray.github.io,2017-12-23 19:29:48,Array.map(parseInt)ä¸ºä»€ä¹ˆè¿”å›äº†NaN
claude-ray.github.io,2018-03-19 11:53:52,è§£å†³svnæ²¡æœ‰mergeå…¨éƒ¨æ›´æ”¹çš„é—®é¢˜
iphyer.github.io,2019-01-26 21:13,åŒ—ç¾å·¥ä½œ LaTeX æ¨¡æ¿åˆ†äº«
iphyer.github.io,2013-09-30 19:24,ä»LinuxåŸ¹è®­çš„ä¸€äº›è¯é¢˜å¼•ç”³å¼€å»
iphyer.github.io,2013-03-23 11:33,PythonDownloadBook
iphyer.github.io,2013-01-13 13:22,Pythonç¼–ç¨‹8â€”â€”Pythonå¯»æ‰¾å•è¯ä¸­ç¬¦åˆé¡ºåºçš„å…ƒéŸ³å­—æ¯
iphyer.github.io,2016-12-22 19:49,USAå°è±¡2:åŒå­åŸæ¸¸è®°
iphyer.github.io,2013-01-13 10:42,Pythonç¼–ç¨‹5â€”â€”Pythonå®ç°å¯¹ä¸è¾“å…¥çš„æ£€æŸ¥
iphyer.github.io,2018-04-20 23:32,ä¿®å¤ AttributeError: module 'pip' has no attribute 'main' in PyCharm
iphyer.github.io,2013-01-09 02:55,ibuså‡æ­»åçš„é‡å¯æ–¹æ³•
iphyer.github.io,2014-11-24 22:12,ç”¨RåšDSCæ›²çº¿å›¾
iphyer.github.io,2014-04-25 23:12,æŠ€æœ¯æ˜¯ä»·å€¼ä¸­ç«‹çš„å—ï¼Ÿ
iphyer.github.io,2020-01-09 19:05,"2019 æ€»ç»“, 2020 è®¡åˆ’"
iphyer.github.io,2019-07-28 17:44,Matplotlib ç§»é™¤ç™½è¾¹
iphyer.github.io,2018-08-22 00:05,USAå°è±¡8 : ç§‘ç½—æ‹‰å¤šä¸¹ä½›æ¸¸è®°
iphyer.github.io,2014-11-27 21:19,NCE4-Lesson9ä»¿å†™ç»ƒä¹ 
iphyer.github.io,2016-12-31 23:13,2016æ€»ç»“
iphyer.github.io,2018-02-09 20:49,å…³äºLATEXçš„æ€è€ƒâ€”â€”æˆ‘ä»¬éœ€è¦å­¦åˆ°äº†ä»€ä¹ˆ
iphyer.github.io,2015-01-11 16:17,æ™¶ç•Œå†…è€—çš„è¯»ä¹¦æŠ¥å‘Š
iphyer.github.io,2013-12-09 14:50,X rayå³°çš„æŒ‡æ ‡åŒ–
iphyer.github.io,2020-07-01 16:49,å¦‚ä½•ç”¨ Matplotlib imshow ç”»çŸ©é˜µæ•°æ®
iphyer.github.io,2017-06-07 16:00,USAå°è±¡5:ç¼…å› å·&æ³¢å£«é¡¿æ¸¸è®°
iphyer.github.io,2013-09-10 20:42,åŒ—äº¬è¿›åŸçºªå®
iphyer.github.io,2017-03-22 23:56,doctestä½¿ç”¨è®°å½•
iphyer.github.io,2013-01-05 22:34,latexä¸­è¾“å…¥20ä¸ªå¸¦åœˆå­—ç¬¦çš„æ–¹æ³•
iphyer.github.io,2017-04-04 22:39,è’™ç‰¹å¡æ´›æ¨¡æ‹Ÿçš„è®¡ç®—
iphyer.github.io,2013-08-12 11:27,å…³äºIYPTã€NYPTã€JSYPTçš„ä»‹ç»
iphyer.github.io,2019-04-19 19:36,Reading Notes of Grokking Deep Learning Chapter 1 to 3
iphyer.github.io,2013-01-13 10:17,Pythonç¼–ç¨‹1â€”â€”Pythonè®¡ç®—åœ†çš„å‘¨é•¿å’Œé¢ç§¯
iphyer.github.io,2020-01-09 13:44,USAå°è±¡12:New Orleansæ¸¸è®°
iphyer.github.io,2014-03-21 21:03,Linuxä¸‹æ— çº¿é©±åŠ¨çš„å®‰è£…
iphyer.github.io,2018-02-09 21:05,æ€è€ƒç„¶åå‡ºå‘
iphyer.github.io,2013-01-17 12:57,Pythonåˆ†æGoogleè‚¡ä»·æ•°æ®
iphyer.github.io,2019-07-27 17:06,UW-Madison CS å­¦ä¹ è®°å½•
iphyer.github.io,2013-01-09 03:02,è€ƒè¯•å€’è®¡æ—¶çš„å°ç¨‹åº
iphyer.github.io,2014-10-23 16:17,GREå¡ç‰‡å•è¯
iphyer.github.io,2014-05-11 20:13,Isingç›¸å˜çš„æ¨¡æ‹Ÿ
iphyer.github.io,2014-08-31 13:15,NCE4-Lesson2ä»¿å†™ç»ƒä¹ 
iphyer.github.io,2014-08-31 13:15,NCE4-Lesson3ä»¿å†™ç»ƒä¹ 
iphyer.github.io,2014-09-10 19:33,AWä½œæ–‡æ€»ç»“
iphyer.github.io,2020-03-24 18:16,Research Notes2: Model Persistence Issue in Machine Learning
iphyer.github.io,2013-09-12 19:52,æˆ‘å–œçˆ±çš„å®‹è¯ä¸¤é¦–
iphyer.github.io,2014-07-03 20:09,åŸºäºxelatexçš„ä¸­å›½ç§‘å­¦é™¢åšå£«ç¡•å£«æ¯•ä¸šè®ºæ–‡æ¨¡æ¿
iphyer.github.io,2019-02-05 22:13,Github Too Large File Deny
iphyer.github.io,2017-06-06 18:10,è®°ä¸€ä»¶æ¸¸æ³³å°äº‹ï¼ï¼å¦‚ä½•è¿›å…¥æ³³é“
iphyer.github.io,2016-07-09 22:42,æ›´å¥½çš„éšæœºæ•°ç”Ÿæˆæ€»ç»“
iphyer.github.io,2013-09-30 20:52,å…³äºç‰©ç†æ€ç»´çš„æ€è€ƒ
iphyer.github.io,2012-09-23 04:56,Revised GRE_Arugement ç»ˆææçº²1.0
iphyer.github.io,2012-10-03 21:43,è·å¶æ›²çº¿çš„äººç”Ÿ
iphyer.github.io,2019-11-15 13:44,USAå°è±¡11:åŒ—å¯†æ¸¸è®°
iphyer.github.io,2013-01-13 10:48,Pythonç¼–ç¨‹6â€”â€”Pythonå®ç°Collatz
iphyer.github.io,2017-09-10 23:19,åŠ©æ•™æ„Ÿå—
iphyer.github.io,2017-02-24 22:57,éº¦è¿ªé€Šå°è±¡
iphyer.github.io,2013-09-24 13:31,é˜¶æ®µæ€»ç»“+è¯»ä¹¦ç¬”è®°2013-09-24
iphyer.github.io,2016-10-26 17:57,USAå°è±¡1:èŠåŠ å“¥æ¸¸è®°
iphyer.github.io,2018-01-31 21:09,2018å¹´è®¡åˆ’
iphyer.github.io,2012-10-02 22:21,æ•™æ¡ˆï¼šä¸€é“æœ‰å…³å åŠ å›ºä½“çš„å‹å¼ºçš„æ¯”é—®é¢˜
iphyer.github.io,2018-07-21 14:49,lc1 : 463. Island Perimeter
iphyer.github.io,2013-06-28 09:28,å¤§å­¦å›é¡¾
iphyer.github.io,2014-08-31 17:51,NCE4-Lesson5ä»¿å†™ç»ƒä¹ 
iphyer.github.io,2014-08-31 17:51,NCE4-Lesson4ä»¿å†™ç»ƒä¹ 
iphyer.github.io,2020-10-21 11:49,preliminary examination
iphyer.github.io,2016-11-26 16:36,ç¾å›½é©¾è€ƒ1â€”â€”å¨æ–¯åº·è¾›å·ç¬”è¯•
iphyer.github.io,2015-06-22 20:12,Linuxä¸‹æ‰¹é‡Killå¤šä¸ªè¿›ç¨‹çš„æ–¹æ³•
iphyer.github.io,2013-12-09 14:46,ç‰©ç†æ€è€ƒ
iphyer.github.io,2016-04-03 10:42,UTD Hackathonæ€»ç»“
iphyer.github.io,2014-09-05 15:47,GREé˜…è¯»36å¥—ç–‘éš¾é—®é¢˜é›†é”¦å’Œæ€»ç»“
iphyer.github.io,2016-04-15 10:50,CSå­¦ä¹ æ”»ç•¥
iphyer.github.io,2014-05-11 21:57,å…³äºç»ç’ƒè½¬å˜ç‰©ç†æ¨¡å‹çš„æŠ¥å‘Š
iphyer.github.io,2012-10-30 21:07,bashè¾“å‡ºæ•°å­—å°ç¨‹åº
iphyer.github.io,2014-07-28 16:52,å­¦è½¦ç»éªŒæ€»ç»“
iphyer.github.io,2013-04-10 22:12,Minecraftç»éªŒæ€»ç»“
iphyer.github.io,2014-12-03 15:12,NCE4-Lesson11ä»¿å†™ç»ƒä¹ 
iphyer.github.io,2014-12-03 15:12,NCE4-Lesson10ä»¿å†™ç»ƒä¹ 
iphyer.github.io,2016-06-20 16:00,ç­¾è¯æ€»ç»“
iphyer.github.io,2018-01-31 21:11,Intermittent fasting å‡è‚¥
iphyer.github.io,2017-07-14 21:11,å¨æ–¯åº·æ˜Ÿéº¦è¿ªé€Šè·¯è€ƒæ€»ç»“
iphyer.github.io,2019-04-21 23:21,Reading Notes of Grokking Deep Learning Chapter 4
iphyer.github.io,2019-09-07 01:44,åˆ†æ¸…ä¸»æ¬¡ ä¿æŠ¤æ—¶é—´ è¯´åˆ°åšåˆ°
iphyer.github.io,2014-05-01 21:39,Cè¯­è¨€getenvçš„ä½¿ç”¨
iphyer.github.io,2015-11-03 18:48,é”™è¿‡GRE SUBè€ƒè¯•æŠ¥åæ€ä¹ˆåŠï¼Ÿâ€”â€”è®°æˆ‘çš„å°åº¦å°¼è¥¿äºšé›…åŠ è¾¾LPPI Phy SUB standbyè€ƒè¯•
iphyer.github.io,2017-05-13 09:42,å¦‚ä½•ç¡®ä¿æ–‡ä»¶å®Œå…¨åˆ é™¤
iphyer.github.io,2016-04-03 09:00,å¥èº«è®°1
iphyer.github.io,2019-01-10 21:13,ã€ŠPythonæ·±åº¦å­¦ä¹ ã€‹è¯»ä¹¦ç¬”è®°
iphyer.github.io,2014-12-20 23:40,2014å¹´ç»ˆæ€»ç»“å…¼GREæ£€è®¨
iphyer.github.io,2018-04-18 18:53,ç”¨å½±å­æ•°ç»„ ( Shadow Array )åŠ é€Ÿæ•°ç»„æ‰©å®¹
iphyer.github.io,2015-01-26 04:08,QuiteRSSæ›´æ–°æŠ˜è…¾è®°
iphyer.github.io,2017-04-20 01:15,æ‰˜ç¦è€ƒè¯•å¤‡è€ƒæ€»ç»“
iphyer.github.io,2014-01-06 13:47,Linuxæ‰“å°ç›®å½•ä¸‹å¤šä¸ªæ–‡ä»¶
iphyer.github.io,2013-01-13 14:27,Pythonç¼–ç¨‹10â€”â€”Pythonåšè‘›åº•æ–¯å ¡æ¼”è®²çš„è¯é¢‘ç»Ÿè®¡
iphyer.github.io,2015-08-02 00:38,Rstudioä¿®æ”¹é»˜è®¤libraryå®‰è£…ä½ç½®
iphyer.github.io,2020-02-24 14:59,Research Notes1: How to Plot Parity Plot?
iphyer.github.io,2019-01-02 22:27,2018æ€»ç»“
iphyer.github.io,2017-09-10 23:16,å¦‚ä½•é€‰æ‹©åšå£«å¯¼å¸ˆ
iphyer.github.io,2015-06-07 23:13,æœ€å¥½çš„è¶…ç®—ä¸­å¿ƒæäº¤ä»»åŠ¡æ–¹æ³•
iphyer.github.io,2018-08-22 00:08,2018 Summer å›å›½è§é—»
iphyer.github.io,2018-01-15 22:12,UW-Madison TA Speaking Test æ€»ç»“
iphyer.github.io,2017-02-27 00:14,USAå°è±¡4:ä½›ç½—é‡Œè¾¾æ¸¸è®°
iphyer.github.io,2014-11-27 15:27,NCE4-Lesson6ä»¿å†™ç»ƒä¹ 
iphyer.github.io,2014-11-27 16:12,NCE4-Lesson7ä»¿å†™ç»ƒä¹ 
iphyer.github.io,2013-01-04 21:54,ç™½é¹¿åŸçš„å½±è¯„
iphyer.github.io,2017-05-02 21:11,å¨æ–¯åº·æ˜Ÿå·è·¯è€ƒæŒ‡å—
iphyer.github.io,2015-02-16 21:22,330clubç»“ç­å›é¡¾å’Œæ€»ç»“
iphyer.github.io,2018-01-02 23:55,USAå°è±¡6:å¾—å…‹è¨æ–¯å·â€”â€”å¥¥æ–¯æ±€ and ä¼‘æ–¯é¡¿æ¸¸è®°
iphyer.github.io,2015-11-03 21:21,å‰éš†å¡æ¸¸è®°
iphyer.github.io,2012-09-23 04:21,kindleæ¼«ç”»çš„åˆ¶ä½œ
iphyer.github.io,2015-01-18 19:09,è‹±è¯­å­¦ä¹ APPæ¨è
iphyer.github.io,2014-04-19 01:56,å¿ƒç†ç°è±¡
iphyer.github.io,2013-01-13 16:21,Pythonç¼–ç¨‹12â€”â€”Pythonä½œè‘›åº•æ–¯å ¡æ¼”è®²çš„è¯é¢‘ç»Ÿè®¡å›¾
iphyer.github.io,2017-06-21 22:34,å…³äºPhDçš„æ€è€ƒ
iphyer.github.io,2012-10-27 23:52,2012å¹´10æœˆæ€»ç»“
iphyer.github.io,2018-04-30 16:52,ç”¨çŸ©é˜µæ“ä½œå¿«é€Ÿå®ç°å›¾åƒè¯†åˆ«ä¸­ Bounding Box çš„å‡†ç¡®ç‡å’Œå¬å›ç‡åˆ¤æ–­
iphyer.github.io,2017-03-30 00:41,åˆ†å­åŠ¨åŠ›å­¦çš„ç»Ÿè®¡å‡½æ•°æ€»ç»“
iphyer.github.io,2017-06-24 16:20,ç¾å›½é¥®é£Ÿè®°å½•2017-06
iphyer.github.io,2015-06-16 17:09,Bashè„šæœ¬çš„æ‰¹é‡ä½œä¸š
iphyer.github.io,2017-06-06 22:14,2017Springæ€»ç»“
iphyer.github.io,2016-06-09 21:34,æ¯•ä¸šå·¥ä½œæ€»ç»“
iphyer.github.io,2014-12-03 15:14,NCE4-Lesson15ä»¿å†™ç»ƒä¹ 
iphyer.github.io,2014-12-03 15:14,NCE4-Lesson14ä»¿å†™ç»ƒä¹ 
iphyer.github.io,2015-01-26 04:17,GREçš„ä¸€é“æ•°å­¦é¢˜ç›®çš„æ€»ç»“å’Œæ‹“å±•
iphyer.github.io,2020-10-23 21:49,Bounding Box åŒ¹é…é—®é¢˜æ¢è®¨
iphyer.github.io,2020-07-02 16:49,å¦‚ä½•æ­£ç¡®çš„è®¨è®º Science Questions
iphyer.github.io,2012-11-05 10:49,ç¬¬äº”å±ŠRè¯­è¨€ä¸­å›½ä¼šè®®(ä¸Šæµ·)
iphyer.github.io,2018-04-30 16:26,æ¬²æ¸¡é»„æ²³å†°å¡å· å°†ç™»å¤ªè¡Œé›ªæ»¡å±±
iphyer.github.io,2013-04-08 10:11,Linuxç®€ä»‹
iphyer.github.io,2017-08-19 12:03,æ±‚ç”°é—®èˆç¾è§åˆ˜éƒâ€”â€”å†™åœ¨æ¥ç¾å›½ä¸€å‘¨å¹´ä¹‹é™…
iphyer.github.io,2013-01-17 13:10,Pythonç³»ç»Ÿæ–‡ä»¶æ“ä½œ
iphyer.github.io,2019-05-05 23:21,Fast.ai å¦‚ä½•è®¾ç½®å¸¦æ ‡ç­¾çš„æµ‹è¯•é›† Test Data Set
iphyer.github.io,2018-02-09 21:23,è¿ç”¨Råšæ•°æ®åˆ†æ
iphyer.github.io,2014-08-31 09:38,NCE4-Lesson1ä»¿å†™ç»ƒä¹ 
iphyer.github.io,2019-04-03 19:36,å¾®è½¯é¢è¯•æ€»ç»“
iphyer.github.io,2012-10-30 11:31,å¦‚ä½•ä½¿ç”¨æ—¶é—´
iphyer.github.io,2017-12-25 15:23,TA æ€»ç»“
iphyer.github.io,2014-05-01 18:48,Cè¯­è¨€çš„Argvçš„ä½¿ç”¨
iphyer.github.io,2013-01-13 10:26,Pythonç¼–ç¨‹2â€”â€”Pythonå®ç°è®¡ç®—ç¯®çƒæ¯”èµ›æ˜¯å¦é¢†å…ˆå®‰å…¨çš„ç¨‹åº
iphyer.github.io,2013-09-07 20:55,æ–°ç”Ÿæ„Ÿæƒ³
iphyer.github.io,2013-07-26 10:46,å—å¤§å›¾ä¹¦é¦†å€Ÿä¹¦è®°å½•
iphyer.github.io,2013-01-13 10:32,Pythonç¼–ç¨‹3â€”â€”Pythonè®¡ç®—æ˜¯å¦æ˜¯perfect number
iphyer.github.io,2014-10-19 21:38,GRE1019è€ƒè¯•åŠå¤ä¹ æ€»ç»“
iphyer.github.io,2015-04-26 20:17,å¼€å­¦ä¸¤ä¸ªæœˆæ€»ç»“
iphyer.github.io,2020-05-04 15:16,Presentation Tips
iphyer.github.io,2017-03-11 08:38,åˆ†å­åŠ¨åŠ›å­¦è®¡ç®—çš„å°ç»†èŠ‚
iphyer.github.io,2014-12-31 22:43,"2014æœ€åä¸€ç¯‡åšå®¢æ–‡ç« --å›é¡¾2014,å±•æœ›2015,æ˜å¤©ä¼šæ›´å¥½!"
iphyer.github.io,2019-04-03 14:59,2019ä¸€å­£åº¦è®¡åˆ’æ€»ç»“
iphyer.github.io,2014-11-27 21:02,NCE4-Lesson8ä»¿å†™ç»ƒä¹ 
iphyer.github.io,2019-03-21 14:56,USAå°è±¡9:å¾—å…‹è¨æ–¯å·â€”â€”è¾¾æ‹‰æ–¯æ¸¸è®°
iphyer.github.io,2014-08-08 14:36,GREå•è¯èƒŒè¯µæ¨è
iphyer.github.io,2015-12-31 23:07,2015æ€»ç»“ä»¥åŠ2016å¹´æ„¿æœ›
iphyer.github.io,2013-01-13 10:36,Pythonç¼–ç¨‹4â€”â€”Pythonå®ç°çŒœæ•°å­—çš„ç¨‹åº
iphyer.github.io,2016-02-15 13:14,Anacondaä½¿ç”¨è®°å½•
iphyer.github.io,2020-08-05 16:49,æ¬å®¶è®°å½•
iphyer.github.io,2015-06-07 20:14,ç§‘å­¦è®¡ç®—çš„ä½“ä¼šå’Œæ·±åœ³è¶…ç®—ä¸­å¿ƒ
iphyer.github.io,2015-11-04 00:15,è®ºæ–‡å·¥å…·é“¾æ€»ç»“
iphyer.github.io,2014-10-30 22:50,å…¬åŠ¡å‘˜è€ƒè¯•èµ„æ–™â€”â€”äººæ°‘æ—¶è¯„çš„ä¸‹è½½å’ŒéŸ³é¢‘åˆ¶ä½œ
iphyer.github.io,2013-08-06 13:40,ç”µé•œå›¾åƒæ¨¡æ‹Ÿ:åŸºäºAdvanced Computing in Electron Microscopyé…å¥—è½¯ä»¶
iphyer.github.io,2016-04-03 08:39,PDFè£è¾¹æ€»ç»“
iphyer.github.io,2015-04-26 21:11,å†è¦ä½ å‘½3ké»˜å†™ç¨‹åº:crack3kgrewords
iphyer.github.io,2014-05-01 19:03,Cè¯­è¨€çš„Argpçš„ä½¿ç”¨
iphyer.github.io,2019-01-05 11:10,æ›´é€šç”¨çš„å‹ç¼©åšå®¢å›¾ç‰‡å°ºå¯¸çš„ Bash è„šæœ¬
iphyer.github.io,2013-04-08 10:09,USpatentçš„æœç´¢å’Œæå–
iphyer.github.io,2018-06-09 14:44,USAå°è±¡7 : åŠ å· â€”â€” æ´›æ‰çŸ¶(Los Angeles) and åœ£åœ°äºšå“¥(San Diego)æ¸¸è®°
iphyer.github.io,2019-07-28 17:44,Leetcode è®¡åˆ’
iphyer.github.io,2017-03-17 00:07,æŠ¥ç¨æ€»ç»“
iphyer.github.io,2013-01-13 16:21,Pythonç¼–ç¨‹11â€”â€”Pythonä½œè‘›åº•æ–¯å ¡æ¼”è®²å’Œç¾å›½ç‹¬ç«‹å®£è¨€çš„æ¯”è¾ƒåˆ†æ
iphyer.github.io,2013-01-17 09:35,Pythonå¯»æ‰¾ç¯å¢ƒä¿æŠ¤ç½²é€šè½¦é‡Œç¨‹æ•°
iphyer.github.io,2014-08-18 16:19,æœ€è¿‘çš„æ‚äº‹
iphyer.github.io,2013-08-10 11:51,æ–°ç”Ÿè´­ä¹°ç«è½¦ç¥¨æ€»ç»“
iphyer.github.io,2017-04-10 23:13,å‘¨æœ«é•¿è·‘
iphyer.github.io,2018-07-22 00:16,gitignoreå¿½ç•¥Macçš„DS_storeæ–‡ä»¶
iphyer.github.io,2014-09-03 22:47,æ‰˜ç¦å¤ä¹ å‡†å¤‡
iphyer.github.io,2017-05-13 10:01,å‹ç¼©åšå®¢å›¾ç‰‡å°ºå¯¸çš„ Bash è„šæœ¬(Linux)
iphyer.github.io,2014-04-25 22:34,æ·˜å®æ•°æ®ç«èµ›æ€»ç»“å’Œç¨‹åº
iphyer.github.io,2016-02-17 15:57,Gitä½¿ç”¨æ€»ç»“
iphyer.github.io,2019-09-07 23:14,USAå°è±¡10:æ˜å°¼è‹è¾¾åŒå­åŸæ¸¸è®°
iphyer.github.io,2016-03-21 22:47,sshæœåŠ¡å™¨ä¿®å¤å’Œå…å¯†ç ç™»å½•
iphyer.github.io,2013-01-13,Pythonç¼–ç¨‹9â€”â€”Pythonåˆ†æGettysburg Addressæ¼”è®²
iphyer.github.io,2020-10-21 16:49,USAå°è±¡13: North Wisconsin æ¸¸è®°
iphyer.github.io,2018-12-31 22:37,2018é£Ÿç‰©æ€»ç»“
iphyer.github.io,2020-10-23 21:49,Python2 Binary String å’Œ Python3 çš„è½¬æ¢
iphyer.github.io,2015-05-18 20:15,è‹å·æ¸¸è®°
iphyer.github.io,2014-12-22 18:02,å°†å¾®ä¿¡è¯­éŸ³å¯¼å‡ºè½¬æ¢æˆmp3
iphyer.github.io,2014-10-21 23:28,å†è¦ä½ å‘½3000æ‰‹æœºåˆ·å•è¯çš„ä¿®æ­£
iphyer.github.io,2013-04-08 09:02,å…³äºç‰©ç†çš„æ€è€ƒ
iphyer.github.io,2014-05-01 10:36,æ¨èä¸€ä¸ªæºåœ°å€ç”Ÿæˆå™¨â€”â€”é€‚ç”¨æ‰€æœ‰Ubuntuç‰ˆæœ¬
iphyer.github.io,2014-12-03 15:14,NCE4-Lesson16ä»¿å†™ç»ƒä¹ 
iphyer.github.io,2019-01-05 22:45,2019è®¡åˆ’
iphyer.github.io,2013-01-13 13:02,Pythonç¼–ç¨‹7â€”â€”Pythonæ¯”è¾ƒç›¸åŒå­—æ¯ç»„æˆçš„å•è¯
iphyer.github.io,2018-08-07 13:11,éº¦è¿ªé€Šæ¬å®¶åœ°å€æ›´æ–°æ€»ç»“
iphyer.github.io,2020-04-05 13:16,Python the unpacking operator and how to use it to traverse grids
iphyer.github.io,2014-12-03 15:12,NCE4-Lesson12ä»¿å†™ç»ƒä¹ 
iphyer.github.io,2018-02-09 21:09,æ¸¸è®°â€”â€”å—äº¬åšç‰©é¦†æ¢µé«˜ç”»å±•
iphyer.github.io,2014-12-03 15:14,NCE4-Lesson13ä»¿å†™ç»ƒä¹ 
iphyer.github.io,2017-02-27 02:40,ç¾å›½é¥®é£Ÿè®°å½•
iphyer.github.io,2019-01-01 15:56,2018åšå®¢æ›´æ–°è®°å½•â€”â€”ä» Octopress è¿ç§»åˆ° Jekyll
iphyer.github.io,2014-05-01 16:05,GREå•è¯ä¸­çš„ç”µè„‘æœ¯è¯­
iphyer.github.io,2012-10-02 17:15,å…³äºæˆ¿é—´æ— çº¿ä¿¡å·å¼ºåº¦çš„è®¡ç®—
iphyer.github.io,2020-06-06 16:49,ç›´é¢æŒ‘æˆ˜ï¼Œé¢å¯¹ä¸ç¡®å®šçš„æœªæ¥â€”â€”å‡†å¤‡é¢å¯¹ç¾å›½çš„å¤±ä¸šæ½®
iphyer.github.io,2019-01-05 22:45,ç§‘ç ”å·¥ä½œç»éªŒæ€»ç»“ 3
iphyer.github.io,2016-06-10 13:45,ç”³è¯·æ€»ç»“
iphyer.github.io,2013-04-08 09:24,èƒŒå½±
iphyer.github.io,2012-12-20 23:45,å…³äºTOEFLçš„æ€è€ƒ
iphyer.github.io,2018-08-05 23:51,ç§‘ç ”å·¥ä½œç»éªŒæ€»ç»“ 2
mabbs.github.io,2020-03-12,å…³äºå†™å°è¯´çš„æŠ€å·§æ¢ç©¶
mabbs.github.io,2019-04-05,Mayxå¯¹ç¼–ç¨‹è¯­è¨€çš„é€‰æ‹©
mabbs.github.io,2021-02-06,è‡ªåˆ¶ä¸€ä¸ªç®€å•çš„å¾®ä¿¡èŠå¤©æœºå™¨äºº
mabbs.github.io,2021-02-19,å¦‚ä½•åˆ¶ä½œä¸€ä¸ªèƒ½å‘å¥½å›¾çš„å¾®ä¿¡æœºå™¨äºº
mabbs.github.io,2020-04-21,è®°ä¸€æ¬¡ä¹°ç¬”ç”µçš„ç»å†
mabbs.github.io,2020-07-29,å¦‚ä½•åˆ¶ä½œä¸€ä¸ªPCBåç‰‡
mabbs.github.io,2021-03-02,ä½¿ç”¨CloudFlare Workersåšä¸€äº›æœ‰è¶£çš„åŠŸèƒ½
mabbs.github.io,2019-09-28,Pythonå­¦ä¹ ç¬”è®° - Turtle
mabbs.github.io,2018-12-28,Mayxçš„åšå®¢æ¢åŸŸåå•¦
mabbs.github.io,2020-09-27,å…³äºè™šæ‹ŸåŒ–çš„å­¦ä¹ è®°å½•
mabbs.github.io,2020-08-21,å‡æœŸæ€»ç»“ç¬¬äºŒå¼¹
mabbs.github.io,2020-02-18,Mayxçš„æµè§ˆå™¨ä½¿ç”¨å²
mabbs.github.io,2019-04-05,MayxåˆåŒå’å•Crashäº†â€¦â€¦
mabbs.github.io,2021-02-23,å¿«é€Ÿè‡ªåˆ¶å¾®ä¿¡å›¾ç‰‡æœºå™¨äºº
mabbs.github.io,2019-11-21,Web Crypto Apiå­¦ä¹ ç¬”è®°
mabbs.github.io,2021-02-09,Mayxçš„äº§å“æµ‹è¯„ï¼ˆäºŒï¼‰
mabbs.github.io,2018-12-02,å¯¹ç½‘ç»œå…è´¹èµ„æºçš„æ„Ÿæƒ³
mabbs.github.io,2019-03-22,åˆ†äº«ä¸€ä¸‹æˆ‘æœ€å–œæ¬¢çš„æ¸¸æˆBGM
mabbs.github.io,2019-02-17,å…³äºç½‘ç»œæ”»é˜²çš„ä¸€äº›çœ‹æ³•
mabbs.github.io,2019-07-01,é‡å»ºMaBBSçš„è®¡åˆ’
mabbs.github.io,2019-07-15,EncMail-Project Part 1 - å‡†å¤‡é˜¶æ®µ
mabbs.github.io,2020-05-29,å†™ä¸€ä¸ªåŠ å¯†ä¼ è¾“çš„Demo
mabbs.github.io,2019-06-24,å¦‚ä½•åˆ©ç”¨MySQLæ•°æ®åº“åˆ¶ä½œä¸€ä¸ªå›¾ç«™
mabbs.github.io,2020-06-06,å…³äºDemosceneçš„æ¢ç´¢
mabbs.github.io,2019-07-25,Mayxç»ˆäºè€ƒä¸Šå¤§å­¦äº†
mabbs.github.io,2019-05-12,å¦‚ä½•ä¸ä½¿ç”¨ç™¾åº¦Appæ‰“å¼€æœç´¢ç»“æœï¼Ÿ
mabbs.github.io,2021-01-04,å¹´ç»ˆæ€»ç»“
mabbs.github.io,2019-01-27,Mayxåº”è˜å¤±è´¥
mabbs.github.io,2018-11-10,å…è´¹è®¢é˜…ä¸€ä¸ªå±äºè‡ªå·±çš„é‚®ä»¶æ—¥æŠ¥
mabbs.github.io,2021-01-17,piCoreçš„ä½¿ç”¨ç»å†
mabbs.github.io,2020-09-10,å¦‚ä½•å»ºç«‹ä¸€ä¸ªæ ¡å›­å†…éƒ¨ç½‘ç«™
mabbs.github.io,2019-03-23,è®©Git.ioæ— é™åˆ¶
mabbs.github.io,2021-02-26,åšä¸€ä¸ªServeré…±Â·TurboMiniä¼ä¸šåº”ç”¨ç‰ˆ
mabbs.github.io,2020-01-21,Mayxçš„è¿ç»´ç¬”è®° - åº”ç”¨ä¼˜åŒ–
mabbs.github.io,2019-12-17,New Game!
mabbs.github.io,2018-10-28,Mayxçš„è‡ªæ£€æŠ¥å‘Š
mabbs.github.io,2021-01-06,å¦‚ä½•ç”¨PHPåˆ¶ä½œä¸€ä¸ªç®€å•çš„åå‘ä»£ç†
mabbs.github.io,2020-06-13,åŠ å¯†ä¼ è¾“Demo V2
mabbs.github.io,2021-02-02,è‡ªå·±åŠ¨æ‰‹åšä¸€ä¸ªServeré…±Â·TurboMiniç‰ˆ
mabbs.github.io,2019-12-04,åºŸäººçš„ç ”ç©¶
mabbs.github.io,2018-10-20,å…³äºåœ¨Github Pagesä¸Šä½¿ç”¨è¯„è®ºçš„å¿ƒå¾—
mabbs.github.io,2018-03-26,(è½¬)å…³äºNekoä¸ç¾½æ¯›çš„è®°å½•
mabbs.github.io,2020-11-24,è®°ä¸€æ¬¡ç»„ç»‡CTFçš„ç»å†
mabbs.github.io,2020-03-01,å¯¹äºäº‘æ‰‹æœºçš„ç­–åˆ’ä¹¦
mabbs.github.io,2019-02-01,Mayxçš„è®¡ç®—æœºå­¦ä¹ å²
mabbs.github.io,2020-05-07,åˆç†æ¶ˆè´¹
mabbs.github.io,2019-08-05,è®°ä¸€æ¬¡åŠç†22å¡çš„ç»å†
mabbs.github.io,2020-01-05,Mayxçš„è¿ç»´ç¬”è®°
mabbs.github.io,2019-07-02,åˆ¶ä½œåˆ†å¸ƒå¼åŠ å¯†é‚®ä»¶ç³»ç»Ÿçš„è®¡åˆ’
mabbs.github.io,2019-11-01,Mayxåº”è˜å¤±è´¥(Pythonç‰ˆ)
mabbs.github.io,2019-04-13,å¦‚ä½•ä¸‹è½½Iwaraä¸Šçš„è§†é¢‘ï¼Ÿ
mabbs.github.io,2019-05-03,å¦‚ä½•â€œäººè‚‰â€æœåŠ¡å™¨ï¼Ÿ
mabbs.github.io,2021-02-28,å¦‚ä½•ç»™DiscuzXæ·»åŠ åƒåŸç”Ÿä¸€æ ·çš„404é¡µé¢
mabbs.github.io,2020-03-08,æ—§æ‰‹æœºçš„Nç§ç”¨æ³•
mabbs.github.io,2018-06-20,ç¼–ç¨‹ä¸è®¾è®¡ï¼ˆæ¼”è®²ç¨¿ï¼‰
mabbs.github.io,2019-06-10,Mayxè¢«å¤–å›½äººéª—äº†ï¼Ÿï¼
mabbs.github.io,2020-02-15,å…³äºå¯¹æœªæ¥æ‰‹æœºçš„æƒ³è±¡
mabbs.github.io,2020-10-24,Mayxçš„äº§å“æµ‹è¯„
mabbs.github.io,2019-01-11,Githubæ”¯æŒå…è´¹ç§æœ‰ä»“åº“å•¦
mabbs.github.io,2020-08-28,ç½‘ç«™è¢«Banæ€ä¹ˆåŠï¼Ÿ
mabbs.github.io,2020-05-20,Re:åŠ è£…å†…å­˜
mabbs.github.io,2018-12-22,è®ºMayxæ˜¯æ€ä¹ˆè¢«æŠ“çš„
mabbs.github.io,2019-12-31,å¹´ç»ˆæ€»ç»“
mabbs.github.io,2019-08-24,å‡æœŸæ€»ç»“
mabbs.github.io,2020-02-02,è¿‡å»ä¸æœªæ¥çš„ç§‘æŠ€å˜åŒ–
mabbs.github.io,2019-06-22,å¦‚ä½•è‡ªå·±å†™ä¸€ä¸ªåšå®¢è®¡æ•°å™¨
mabbs.github.io,2020-12-07,åœ¨æ ‘è“æ´¾ä¸Šä½“éªŒpiCore
mabbs.github.io,2015-02-23,2015.2.23æ—¥è®°
mabbs.github.io,2019-09-20,å¼€å­¦æ€»ç»“
mabbs.github.io,2020-06-17,è®ºå¤‡ä»½çš„é‡è¦æ€§
mabbs.github.io,2019-06-11,Jekyllä¹Ÿå¯ä»¥åŠ å¯†æ–‡ç« å•¦ï¼
mabbs.github.io,2019-08-17,è®°ä¸€æ¬¡æ‚²æƒ¨çš„åŠ è£…å†…å­˜çš„äº‹æ•…
mabbs.github.io,2020-02-10,å¦‚ä½•ä¸ä½¿ç”¨è´´å§AppæŸ¥çœ‹è´´å§
mabbs.github.io,2019-05-27,ä½¿ç”¨PHPæ‰¹é‡ä¸‹è½½Mediawikiç«™ç‚¹çš„å›¾ç‰‡
mabbs.github.io,2019-04-24,(è½¬)Shell è„šæœ¬ç¼–ç¨‹é™·é˜±
mabbs.github.io,2018-11-04,Mayxçš„åˆ›æƒ³
mabbs.github.io,2020-12-13,å…³äºå†…ç½‘ç©¿é€çš„ç¬”è®°
mabbs.github.io,2019-02-07,ç©ã€ŠFinding Paradiseã€‹æœ‰æ„Ÿ
mabbs.github.io,2020-04-19,å…³äºåˆ¶ä½œè€ƒè¯•ï¼ˆç­”é¢˜ï¼‰ç³»ç»Ÿçš„ç ”ç©¶
mabbs.github.io,2019-12-16,CTFåˆä½“éªŒ
mabbs.github.io,2019-05-30,é«˜è€ƒå³å°†æ¥ä¸´
mabbs.github.io,2019-04-27,Mayxçš„Anti-Banè®¡åˆ’
mabbs.github.io,2020-04-06,Mayxçš„è‡ªæˆ‘æ¢ç´¢ä¹‹æ—…
mabbs.github.io,2019-10-21,Pythonå­¦ä¹ ç¬”è®° - æ±‚è´¨æ•°
mabbs.github.io,2019-11-18,Bug Foreverï¼
thewanderingpotato.github.io,2021-02-28,äºŒæœˆçœ‹å±•å˜®å¨
thewanderingpotato.github.io,2020-03-15,ç¶²çµ¡è¼¿è«–æ§åˆ¶
thewanderingpotato.github.io,2020-03-29,å®¶é†œå’Œé¢å­
thewanderingpotato.github.io,2021-02-09,æˆ‘åœ¨ç”¨é›™è€³æ•ç²ä»€éº¼
thewanderingpotato.github.io,2020-03-07,è¢«ç¥åŒ–äº†çš„æ”å½±å¸«
thewanderingpotato.github.io,2020-08-12,å¯«ä½œçš„ç†ç”±ç°¡å–®ä¸€é»
thewanderingpotato.github.io,2020-03-03,åšå®¢é–‹å¼µäº†
thewanderingpotato.github.io,2020-03-11,ç™¼å“¨å­çš„äºº
thewanderingpotato.github.io,2020-03-18,å’–å•¡
thewanderingpotato.github.io,2020-03-08,è¨˜æ†¶é•·å­˜
zsqk.github.io,2020-04-20,2019 å¹´ä¸­ ç¤¾äº¤åª’ä½“ä¸­æœ€æµè¡Œçš„è¯­è¨€æ˜¯?
zsqk.github.io,2020-05-12,closure
zsqk.github.io,2020-04-16,GitHub å…è´¹ç‰ˆä¸é™ç§æœ‰ä»“åº“åŠåä½œè€…æ•°é‡
zsqk.github.io,2020-04-27,Jamstack
zsqk.github.io,2020-03-31,ä»ç‰©ç†å±‚é¢äº†è§£æ•°æ®ä¼ è¾“
zsqk.github.io,2020-04-21,rabbitmq
zsqk.github.io,2020-04-22,site-by-station-gadgets
zsqk.github.io,2020-04-10,npm-fetchpackagemetadata-error
zsqk.github.io,2020-03-30,JavaScript ES6 ç®€å•æ•°ç»„å»é‡
zsqk.github.io,2020-05-09,å¦‚ä½•ç”¨ CSS è‡ªå®šä¹‰ä½¿ç”¨ Font Awesome å›¾æ ‡
zsqk.github.io,2020-04-29,pm-em-rem
zsqk.github.io,2020-03-29,Node.js ç”Ÿæ€ä¸­çš„æµè¡ŒåŒ… request æ­£å¼è¢«å¼ƒç”¨
zsqk.github.io,2020-03-28,"PHP, Go, Node.js æ¡†æ¶æ€§èƒ½ç»¼åˆå¯¹æ¯”"
zsqk.github.io,2020-03-27,å›½å†…éƒ¨åˆ†åœ°åŒºç”¨æˆ·é­åˆ°ä¸­é—´äººæ”»å‡»
zsqk.github.io,2020-04-09,questions-philosophers-ponder
zsqk.github.io,2020-05-13,HTTP/3
zsqk.github.io,2020-04-14,chrome-plug
zsqk.github.io,2020-05-06,awesome
zsqk.github.io,2020-04-07,insert-into-select
zsqk.github.io,2020-05-22,node
zsqk.github.io,2020-04-14,å¥½ä»£ç 
zsqk.github.io,2020-04-01,DynamoDB å¿ƒå¾—åˆ†äº«
zsqk.github.io,2020-04-30,å…³äºä½¿ç”¨ PostgreSQL çš„ ENUM ç±»å‹
zsqk.github.io,2020-05-14,deno
zsqk.github.io,2020-04-16,zeit-now
zsqk.github.io,2020-04-13,url-and-http203
zsqk.github.io,2020-04-23,photoshop-sharpens-image
zsqk.github.io,2020-05-18,node-npm-cnpm-yarn-pnpm
zsqk.github.io,2020-05-21,next-50-years
zsqk.github.io,2020-03-25,"VS Code, Eclipse Theia, Remote Development"
zsqk.github.io,2020-04-30,404-page
zsqk.github.io,2020-05-08,cloudwatch
zsqk.github.io,2020-04-22,ç¼–ç¨‹é¢˜ è’å™ªçš„é’è›™
zsqk.github.io,2020-04-17,data-encapsulation-and-unencapsulation
zsqk.github.io,2020-04-08,é‚£äº›å¹´åœ¨ç½‘å§è¢«ç›—çš„å·
zsqk.github.io,2020-04-15,å€ªå…‰å—
zsqk.github.io,2020-04-28,ECMAScript ä¸­çš„ç›¸ç­‰
zsqk.github.io,2020-03-26,äº‘è®¡ç®—å®ä¾‹å¯ä»¥æœ‰å¤šä¸ª IP å—
zsqk.github.io,2020-04-10,how-to-reduce-cpu-consumption
zsqk.github.io,2020-07-17,Arctic Code Vault Contributor
zsqk.github.io,2020-04-08,ç©ºå€¼åˆå¹¶è¿ç®—ç¬¦ nullish coalescing operator
zsqk.github.io,2020-06-09,ä½¿ç”¨å¤šè®¾å¤‡å¼€å‘æ—¶çš„æŠ€å·§
zsqk.github.io,2020-05-11,Headless Brower
zsqk.github.io,2020-04-08,é“é•¿åœ¨ç¡…è°·å·¥ä½œæ˜¯æ€æ ·ä¸€ç§ä½“éªŒ
zsqk.github.io,2020-05-15,js-function
zsqk.github.io,2020-04-15,css-filter
zsqk.github.io,2020-04-04,"å¸å¾’æ­£ç¾, å¥åº·"
luyuhuang.github.io,2020-09-13,A simple way to turn callback pattern to coroutine pattern in Lua
luyuhuang.github.io,2020-06-03,ä½¿ç”¨ Cloudflare å…è´¹æ­å»º HTTPS æœåŠ¡
luyuhuang.github.io,2019-09-28,è¯¦è§£å¯»è·¯ç®—æ³•(2)-ç”Ÿæˆå›¾
luyuhuang.github.io,2020-08-27,[ç¿»è¯‘] RFC 1928: SOCKS åè®®ç¬¬ 5 ç‰ˆ
luyuhuang.github.io,2020-10-29,Lua å¤ä»¤æ—¶æ—¶åŒºé—®é¢˜
luyuhuang.github.io,2020-08-08,Y-Combinator: å¦‚ä½•åœ¨åŒ¿åå‡½æ•°ä¸­é€’å½’è°ƒç”¨è‡ªèº«
luyuhuang.github.io,2020-12-09,è¯¦è§£ KCP åè®®çš„åŸç†å’Œå®ç°
luyuhuang.github.io,2020-03-16,çŸ©é˜µçš„ n æ¬¡æ–¹å’Œæ–æ³¢é‚£å¥‘æ•°åˆ—é€šé¡¹å¼
luyuhuang.github.io,2019-09-12,è·³è·ƒæ¸¸æˆ
luyuhuang.github.io,2019-09-13,è°ƒå’Œçº§æ•°çš„æ¸è¿›è¡¨ç¤º
luyuhuang.github.io,2019-09-22,è¯¦è§£å¯»è·¯ç®—æ³•(1)-å›¾æœç´¢
luyuhuang.github.io,2020-12-02,Subsocks: ç”¨ Go å®ç°ä¸€ä¸ª Socks5 å®‰å…¨ä»£ç†
luyuhuang.github.io,2020-02-09,Promise å’Œ Deferred
luyuhuang.github.io,2019-10-07,è§£æ•°ç‹¬ç®—æ³•
luyuhuang.github.io,2020-07-16,ææ¸…æ¥šä»¤äººå¤´ç–¼çš„ä¹±ç é—®é¢˜
luyuhuang.github.io,2019-09-17,ç‰›é¡¿è¿­ä»£æ³•æ±‚å¹³æ–¹æ ¹
luyuhuang.github.io,2018-02-09,"ä»åˆ†æ²»ç­–ç•¥åˆ°åŠ¨æ€è§„åˆ’,å†åˆ°è´ªå¿ƒç®—æ³•"
luyuhuang.github.io,2020-03-20,ä¸ºä»€ä¹ˆè¯´ Lua 5.3 ä¸­æ²¡æœ‰å…¨å±€å˜é‡äº†
luyuhuang.github.io,2020-08-28,åªå‡ºç°ä¸€æ¬¡çš„æ•°å­—
luyuhuang.github.io,2021-02-20,ç»å…¸åŠ¨æ€è§„åˆ’é—®é¢˜
luyuhuang.github.io,2020-04-06,ç»™ VSCode åšäº†ä¸ª RSS é˜…è¯»å™¨æ’ä»¶
luyuhuang.github.io,2020-05-08,Synchronize time and time zone between client and server
luyuhuang.github.io,2020-09-05,å…¨æ’åˆ—é—®é¢˜
luyuhuang.github.io,2020-03-18,åºåˆ—åŒ– Lua å¯¹è±¡
luyuhuang.github.io,2020-10-23,Lua next å‡½æ•°çš„ä¸€ä¸ªæœ‰è¶£é—®é¢˜
luyuhuang.github.io,2017-08-19,é¿å…ä½¿ç”¨æ— ç¬¦å·æ•°
luyuhuang.github.io,2019-11-07,ä½¿ç”¨åç¨‹å¤„ç†è€—æ—¶è¿‡ç¨‹
luyuhuang.github.io,2020-01-01,2019 Annual Summary
luyuhuang.github.io,2021-01-27,ç”±æ–œæ åˆ’åˆ†çš„åŒºåŸŸ
luyuhuang.github.io,2020-06-24,ä½¿ç”¨ LPeg è§£æè¯­æ³•
luyuhuang.github.io,2020-03-06,åˆ†å¸ƒå¼å“ˆå¸Œè¡¨ (DHT) å’Œ P2P æŠ€æœ¯
luyuhuang.github.io,2020-12-01,Printing parameters in Lua traceback
luyuhuang.github.io,2019-08-10,å››å…ƒæ•°æè¿°æ—‹è½¬
luyuhuang.github.io,2019-11-27,å®‰å…¨åœ°ä¼ é€’å¯†ç 
luyuhuang.github.io,2019-11-04,å…³äºå®¹é”™å’Œæ–­è¨€çš„ä¸€äº›æ€è€ƒ
luyuhuang.github.io,2021-01-01,2020 Annual Summary
luyuhuang.github.io,2021-02-05,è‡ªåŠ¨ç”Ÿæˆ Lua çƒ­æ›´æ–°ä»£ç 
luyuhuang.github.io,2020-05-22,[ç¿»è¯‘] Nginx å…¥é—¨æŒ‡å—
luyuhuang.github.io,2021-01-24,Go è®¾ç½® socket ç«¯å£å¤ç”¨
luyuhuang.github.io,2019-09-23,ç¼–è¾‘è·ç¦»
luyuhuang.github.io,2019-11-28,[ç¿»è¯‘] Jekyll æ‰‹æŠŠæ‰‹æ•™å­¦
luyuhuang.github.io,2019-11-18,è¡Œä¸ºæ ‘åŠå…¶å®ç°
luyuhuang.github.io,2019-10-24,RSAç®—æ³•èƒŒåçš„æ•°å­¦åŸç†
luyuhuang.github.io,2019-09-12,åœ¨Jekyllä¸­ä½¿ç”¨LaTeX
luyuhuang.github.io,2020-04-28,Gzip æ ¼å¼å’Œ DEFLATE å‹ç¼©ç®—æ³•
luyuhuang.github.io,2019-12-21,å¦‚ä½•ä¼˜é›…åœ°å®ç°ä¸€ä¸ªæ–°æ‰‹å¼•å¯¼ç³»ç»Ÿ
luyuhuang.github.io,2019-09-15,åœ¨Luaä¸­ä½¿ç”¨è£…é¥°å™¨
luyuhuang.github.io,2019-10-11,é€šè¿‡ UNIX domain socket åœ¨è¿›ç¨‹é—´ä¼ é€’æ–‡ä»¶æè¿°ç¬¦
luyuhuang.github.io,2020-01-01,é€šè¿‡å¼¹å¹•èƒŒå•è¯
luyuhuang.github.io,2020-01-16,ä¸‰ä¸ªæ€è·¯ç›¸é€šçš„æœ€å¤§é¢ç§¯é—®é¢˜
jasonkayzk.github.io,2019-11-27 10:32:56,"Javaé›†åˆä¸ƒ-Listæ€»ç»“(LinkedList, ArrayListä½¿ç”¨åœºæ™¯åŠæ€§èƒ½åˆ†æ)"
jasonkayzk.github.io,1996-07-27 08:00:03,ç®—æ³•:å˜æ€è·³å°é˜¶
jasonkayzk.github.io,1996-07-27 08:00:00,ç®—æ³•:æŠŠäºŒå‰æ ‘æ‰“å°æˆå¤šè¡Œ
jasonkayzk.github.io,1996-07-27 08:00:00,ç®—æ³•:åˆ é™¤é“¾è¡¨ä¸­é‡å¤çš„ç»“ç‚¹
jasonkayzk.github.io,1996-07-27 08:00:00,ç®—æ³•:äºŒå‰æœç´¢æ ‘çš„ååºéå†åºåˆ—
jasonkayzk.github.io,2020-11-15 16:09:26,åœ¨Clionä¸­æ‰§è¡Œå•ä¸ªCppæ–‡ä»¶
jasonkayzk.github.io,2021-03-07 15:14:16,aptå’Œapt-getçš„åŒºåˆ«
jasonkayzk.github.io,2019-10-16 15:22:23,ä½¿ç”¨Dockeréƒ¨ç½²ä½ çš„JavaWebé¡¹ç›®
jasonkayzk.github.io,2020-05-10 15:03:09,è§£å†³ç”±äºCRLFå¯¼è‡´shellè„šæœ¬æ— æ³•è¿è¡Œ
jasonkayzk.github.io,2021-02-17 20:21:49,npmçš„instalå‘½ä»¤æ€»ç»“
jasonkayzk.github.io,2019-10-02 15:26:42,ElasticSearchä¹‹å®‰è£…ç¯‡
jasonkayzk.github.io,2020-04-05 17:02:53,Linuxæ–‡ä»¶ç³»ç»Ÿ
jasonkayzk.github.io,2020-10-28 15:31:17,ä½¿ç”¨golangæ„å»ºç®€å•çš„websocketåº”ç”¨
jasonkayzk.github.io,2020-09-28 10:34:00,å…³äºåšå®¢ç«™å†…é€šçŸ¥çš„ä¸€ç‚¹æ€ç´¢
jasonkayzk.github.io,2020-12-07 20:57:24,ç”ŸæˆäºŒç»´ç çš„åŸç†
jasonkayzk.github.io,2020-09-25 22:42:39,ã€è¯‘ã€‘BTä¸‹è½½çš„å·¥ä½œåŸç†
jasonkayzk.github.io,2019-10-22 14:19:04,Gitåˆ†æ”¯ç›¸å…³æ€»ç»“
jasonkayzk.github.io,2019-09-04 19:12:29,è®°ä¸€æ¬¡é‡è£…ç³»ç»Ÿ
jasonkayzk.github.io,2019-09-18 09:36:24,Javaä¸­çš„ä»£ç†æ¨¡å¼-é™æ€ä»£ç†ä¸åŠ¨æ€ä»£ç†
jasonkayzk.github.io,2020-03-21 09:45:12,äººç”Ÿã¨ã‹ãƒ›ãƒ³ãƒˆã¯ã„ããªã‚Šäº‹ã˜ã‚ƒãªã„
jasonkayzk.github.io,2019-12-26 09:43:58,ThreadLocalæºç è§£æ
jasonkayzk.github.io,2020-04-21 17:10:18,ä¸ºä½ çš„åšå®¢æ·»åŠ ç«™å†…æœç´¢å§
jasonkayzk.github.io,2020-08-28 21:00:38,Githubä¸ªäººä»‹ç»é¡µç¾åŒ–
jasonkayzk.github.io,2019-12-04 20:25:48,MySQLå˜é‡
jasonkayzk.github.io,2021-02-20 22:50:30,ä¿¡æ¯çˆ†ç‚¸æ—¶ä»£
jasonkayzk.github.io,2020-05-14 19:39:26,Golangé¡¹ç›®ç»“æ„è§„èŒƒ
jasonkayzk.github.io,2019-10-22 14:17:19,Mavenæ ‡ç­¾æ€»ç»“
jasonkayzk.github.io,2020-04-05 21:58:35,Linuxæ–‡æœ¬æ•°æ®æ“ä½œ
jasonkayzk.github.io,2020-04-08 08:43:02,è´Ÿè½½å‡è¡¡LVS-ä¸‰ç§æ¨¡å‹æ¨å¯¼
jasonkayzk.github.io,2019-09-01 22:48:44,åˆå…¥zookeeperä¹‹å®‰è£…ä¸é…ç½®
jasonkayzk.github.io,2020-02-27 10:27:13,åˆ†äº«ä¸€ä¸ªIPFSåè®®ç´¢å¼•çš„ç”µå­ä¹¦æœç´¢å¼•æ“
jasonkayzk.github.io,2021-01-22 10:31:55,Typoraç¼–è¾‘ä»£ç å—æ—¶çš„å°æŠ€å·§
jasonkayzk.github.io,2020-04-06 15:15:01,åœ¨Dockeré•œåƒä¸­ä½¿ç”¨ssh
jasonkayzk.github.io,2019-12-30 09:42:39,Windowsä¸‹ä»¿Macçš„Dockå’ŒToolBar
jasonkayzk.github.io,2021-01-28 09:39:02,å„ç¼–ç¨‹è¯­è¨€åŠ è½½å¹¶è°ƒç”¨dllåº“
jasonkayzk.github.io,1996-07-27 08:00:00,ç®—æ³•:æ•°å€¼çš„æ•´æ•°æ¬¡æ–¹
jasonkayzk.github.io,2020-03-05 16:33:04,æ¨èä¸€ä¸ªæŸ¥çœ‹ç½‘é¡µå¼€å‘ç”¨åˆ°çš„æŠ€æœ¯çš„æµè§ˆå™¨æ’ä»¶Wappalyzer
jasonkayzk.github.io,2020-04-30 17:20:22,æ¨èä¸€ä¸ªåœ¨çº¿å­¦ä¹ Gitçš„ç½‘ç«™
jasonkayzk.github.io,2020-04-16 21:35:56,åˆ†äº«-ç½‘æ˜“äº‘æ¯å‘¨å¬æ­Œæ’è¡Œ
jasonkayzk.github.io,2020-10-04 11:21:48,ã€è½¬ã€‘Golangä¸­Sliceåº•å±‚å®ç°
jasonkayzk.github.io,2019-11-26 22:34:09,Javaé›†åˆäº”-Vector
jasonkayzk.github.io,2020-09-25 17:34:17,Golangå®ç°è‡ªå®šä¹‰åç¨‹æ± 
jasonkayzk.github.io,2020-09-23 21:06:47,ä½¿ç”¨gowatchçƒ­éƒ¨ç½²æå‡ä½ çš„å¼€å‘æ•ˆç‡
jasonkayzk.github.io,2020-05-15 20:03:54,è½¬-Protofuf3æ€»ç»“
jasonkayzk.github.io,2019-11-26 09:49:58,Javaé›†åˆå››-LinkedList
jasonkayzk.github.io,2020-02-05 21:01:28,èš‚èšé‡‘æœé¢è¯•é¢˜-1
jasonkayzk.github.io,2020-02-09 15:51:08,"UUIDç”Ÿæˆç®—æ³•,UUIDè¿˜æ˜¯snowflake"
jasonkayzk.github.io,2019-12-25 11:12:32,Javaå®ç°çš„è‡ªå®šä¹‰ç±»åŠ è½½å™¨
jasonkayzk.github.io,2019-12-12 21:16:11,Javaä¸­è‡ªåŠ¨æ‹†è£…ç®±çš„é™·é˜±
jasonkayzk.github.io,2020-01-10 10:27:18,åœ¨Win10ä¸‹ä½¿ç”¨Dockeréƒ¨ç½²FTPæœåŠ¡
jasonkayzk.github.io,2019-11-19 18:50:00,æ–°çš„åšå®¢ä¸»é¢˜ä»¥åŠæœ€è¿‘çš„æ€»ç»“
jasonkayzk.github.io,2019-12-05 17:22:35,XMLçš„æ€»ç»“
jasonkayzk.github.io,2020-04-05 10:49:47,Linuxå‘½ä»¤æ¦‚å¿µ
jasonkayzk.github.io,2020-04-26 20:15:21,ä½¿ç”¨Dockeréƒ¨ç½²kafkaé›†ç¾¤
jasonkayzk.github.io,2020-04-04 10:47:19,ç½‘é¡µæ˜¯å¦‚ä½•ä¸€å¤œä¹‹é—´å˜æˆé»‘ç™½çš„
jasonkayzk.github.io,2020-03-17 10:50:27,æ„Ÿè°¢ä¸€ç›´ä»¥æ¥æ”¯æŒæˆ‘çš„é‚£äº›äºº
jasonkayzk.github.io,2020-09-02 21:29:11,win10å†…ç½‘ç©¿é€å®ç°è¿œç¨‹æ¡Œé¢è¿æ¥
jasonkayzk.github.io,2020-09-23 19:34:32,Golangä¸­çš„context
jasonkayzk.github.io,1996-07-27 08:00:00,ç®—æ³•:é¡ºæ—¶é’ˆæ‰“å°çŸ©é˜µ
jasonkayzk.github.io,2020-05-14 19:30:36,ä½¿ç”¨Gin+xormå®ç°ç®€å•çš„CRUD
jasonkayzk.github.io,2019-12-06 18:23:55,Dubboå¿«é€Ÿä¸Šæ‰‹æ¡ˆä¾‹
jasonkayzk.github.io,2020-11-08 20:49:52,åœ¨Win10ä¸‹äº¤å‰ç¼–è¯‘Electroné¡¹ç›®
jasonkayzk.github.io,2019-11-21 21:40:32,JavaåŸºç¡€æ€»ç»“ä¹‹ä¸‰
jasonkayzk.github.io,1996-07-27 00:00:00,ç®—æ³•:äºŒç»´æ•°ç»„ä¸­çš„æŸ¥æ‰¾
jasonkayzk.github.io,2020-09-23 20:06:47,åˆæ¢Go-WebAssembly
jasonkayzk.github.io,2021-02-14 13:41:13,Telegramç¾¤ç»„ã€é¢‘é“ã€æœºå™¨äººæ±‡æ€»åˆ†äº«
jasonkayzk.github.io,1996-07-27 08:00:00,ç®—æ³•:äºŒå‰æ ‘çš„ä¸‹ä¸€ä¸ªç»“ç‚¹
jasonkayzk.github.io,2020-03-03 21:45:02,æ€»ç»“ä¸€ä¸ªåœ¨æŠ€æœ¯äº¤æµç¾¤ä¸­è§£å†³ç¾¤å‹çš„é—®é¢˜
jasonkayzk.github.io,2019-11-25 11:21:30,JavaWebæ€»ç»“ä¹‹ä¸€
jasonkayzk.github.io,2020-12-17 09:26:03,è¿ç§»MongoDBå®˜æ–¹Atlasé›†ç¾¤ä¸­æ•°æ®
jasonkayzk.github.io,1996-07-27 08:00:00,ç®—æ³•:é“¾è¡¨ä¸­ç¯çš„å…¥å£ç»“ç‚¹
jasonkayzk.github.io,2020-04-10 11:49:22,LVSåŠŸèƒ½é…ç½®
jasonkayzk.github.io,2019-12-03 20:22:54,æ•°æ®åº“æ€»ç»“ä¹‹ä¸€
jasonkayzk.github.io,1996-07-27 00:00:01,ç®—æ³•:çŸ©å½¢è¦†ç›–
jasonkayzk.github.io,2020-12-05 21:08:41,VMWareå®‰è£…Ubuntuè™šæ‹Ÿæœº
jasonkayzk.github.io,2020-06-25 16:04:21,è§£å†³æäº¤ä»£ç åˆ°Githubä¸æ˜¾ç¤ºå°ç»¿ç‚¹çš„é—®é¢˜
jasonkayzk.github.io,2021-01-13 10:00:25,AndroidSupportLibraryå’ŒAndroidXçš„åŒºåˆ«
jasonkayzk.github.io,2019-09-24 17:50:25,Kubernetesä¹‹Minikubeå®‰è£…ä¸æ— æ³•è·å–dockeré•œåƒæºçš„è§£å†³æ–¹æ³•
jasonkayzk.github.io,2020-12-06 16:21:54,Bashå‘½ä»¤è‡ªåŠ¨è¡¥å…¨çš„åŸç†
jasonkayzk.github.io,2020-04-05 09:07:04,Dockerä¸‹å®‰è£…ä¸é…ç½®CentOS
jasonkayzk.github.io,2019-09-14 15:31:24,Javaåå°„åŸºç¡€æ€»ç»“
jasonkayzk.github.io,2020-12-17 20:40:36,Node+Rediså®ç°åŸºäºIPçš„é™æµç­–ç•¥
jasonkayzk.github.io,1996-07-27 08:00:00,ç®—æ³•:é“¾è¡¨ä¸­å€’æ•°ç¬¬kä¸ªç»“ç‚¹
jasonkayzk.github.io,2020-02-06 11:00:05,QuickSortæ€»ç»“
jasonkayzk.github.io,2020-04-12 14:08:31,è´Ÿè½½å‡è¡¡ä¹‹keepalived
jasonkayzk.github.io,2020-01-01 09:12:25,Nettyè§£å†³é€šä¿¡ä¸­çš„ç²˜åŒ…å’Œæ‹†åŒ…é—®é¢˜
jasonkayzk.github.io,2019-09-17 19:30:22,Java Annotationæ€»ç»“
jasonkayzk.github.io,2019-09-08 19:09:54,ç»™å¥³æœ‹å‹å†™å°å·¥å…·çš„æ€»ç»“ä¹‹-æ­£åˆ™è¡¨è¾¾å¼
jasonkayzk.github.io,2020-11-20 16:23:09,ä½¿ç”¨jsDelivråŠ é€Ÿgithubèµ„æº
jasonkayzk.github.io,1996-07-27 08:00:00,ç®—æ³•:æ•°å­—åœ¨æ’åºæ•°ç»„ä¸­å‡ºç°çš„æ¬¡æ•°
jasonkayzk.github.io,1996-07-27 00:00:04,ç®—æ³•:ä»å°¾åˆ°å¤´æ‰“å°é“¾è¡¨
jasonkayzk.github.io,1996-07-27 08:00:00,ç®—æ³•:å­—ç¬¦ä¸²çš„æ’åˆ—
jasonkayzk.github.io,2020-04-06 12:27:04,Linuxè½¯ä»¶å®‰è£…
jasonkayzk.github.io,2020-11-10 20:39:18,è§£å†³okularæ— æ³•æ·»åŠ æ³¨é‡Šçš„é—®é¢˜
jasonkayzk.github.io,2021-02-11 22:04:10,åŠ æ²¹2021ï¼
jasonkayzk.github.io,1996-07-27 08:00:00,ç®—æ³•:å’Œä¸ºSçš„è¿ç»­æ­£æ•°åºåˆ—
jasonkayzk.github.io,2021-03-05 11:15:32,ä½¿ç”¨Goå®ç°æœåŠ¡ç«¯äº‹ä»¶æ¨é€SSE
jasonkayzk.github.io,1996-07-27 08:00:00,ç®—æ³•:æŠŠæ•°ç»„æ’æˆæœ€å°çš„æ•°
jasonkayzk.github.io,2020-09-18 19:20:37,ä¸€ä¸ªç”¨è’™ç‰¹å¡ç½—æ–¹æ³•è‡ªåŠ¨ç©2048çš„ä»“åº“
jasonkayzk.github.io,2021-02-14 14:57:35,Goçš„ä¸­å›½èº«ä»½è¯å·æ ¡éªŒåº“
jasonkayzk.github.io,2020-02-06 22:37:43,Javaçº¿ç¨‹æ± ThreadPoolExecutoråˆ†æä¸å®æˆ˜
jasonkayzk.github.io,2020-05-02 16:14:20,ä½¿ç”¨Aria2æ­å»ºä½ è‡ªå·±çš„ç¦»çº¿ä¸‹è½½æœåŠ¡å™¨
jasonkayzk.github.io,2020-04-16 21:29:57,åˆ†äº«-VIPä¼šå‘˜è´¦å·åœ¨çº¿å®æ—¶è·å–å¹³å°
jasonkayzk.github.io,2019-10-21 11:12:18,è½¯ä»¶å·¥ç¨‹UMLå›¾æ€»ç»“
jasonkayzk.github.io,2019-09-11 1:49:37,Javaå¹¶å‘ç¼–ç¨‹æ€»ç»“-1: ThreadLocal
jasonkayzk.github.io,1996-07-27 08:00:00,ç®—æ³•:çŸ©é˜µä¸­çš„è·¯å¾„
jasonkayzk.github.io,2021-02-15 14:58:46,ä½¿ç”¨çº¯Goå®ç°çš„MySQLæ•°æ®åº“
jasonkayzk.github.io,2020-12-08 10:42:28,å¯¹æŠ—SSHæ¶æ„è®¿é—®
jasonkayzk.github.io,1996-07-27 08:00:00,ç®—æ³•:å­—ç¬¦æµä¸­ç¬¬ä¸€ä¸ªä¸é‡å¤çš„å­—ç¬¦
jasonkayzk.github.io,2020-12-12 19:50:23,ä½¿ç”¨C++å®ç°ä¸€ä¸ªMark-Sweepçš„GC
jasonkayzk.github.io,2019-12-04 09:51:57,MySQLå­˜å‚¨è¿‡ç¨‹
jasonkayzk.github.io,2020-03-10 08:52:53,Javaé˜»å¡é˜Ÿåˆ—
jasonkayzk.github.io,2020-09-30 20:53:04,ä½¿ç”¨Goå®ç°ä¸€ä¸ªè¿›åº¦æ¡å¹¶å‘ä¸‹è½½å™¨
jasonkayzk.github.io,2021-03-06 20:21:11,ä¸€ä¸ªå¯ä»¥ä½¿ç”¨æ–‡æœ¬æ–‡å­—æç»˜æµå›¾çš„å¼€æºé¡¹ç›®
jasonkayzk.github.io,2020-02-25 16:38:54,Fibonacciåºåˆ—ç”Ÿæˆç®—æ³•çš„ä¼˜åŒ–
jasonkayzk.github.io,1996-07-27 08:00:00,ç®—æ³•:å¯¹ç§°çš„äºŒå‰æ ‘
jasonkayzk.github.io,2020-09-12 19:14:14,ã€é¡¶ã€‘ã‚ˆã†ã“ãã€è¦‹çŸ¥ã‚‰ã¬æ—…äºº
jasonkayzk.github.io,1996-07-27 08:00:00,ç®—æ³•:å¤æ‚é“¾è¡¨çš„å¤åˆ¶
jasonkayzk.github.io,2020-01-02 17:08:51,SpringBooté›†æˆSwagger
jasonkayzk.github.io,2020-11-22 14:37:12,åœ¨pythonä¸­ä½¿ç”¨sshéš§é“è¿æ¥mysql
jasonkayzk.github.io,2019-09-10 16:49:37,Javaå¹¶å‘æ€»ç»“-1
jasonkayzk.github.io,2020-01-14 22:06:46,Springä¸­ä½¿ç”¨Valueæ³¨è§£æ³¨å…¥staticå±æ€§çš„é—®é¢˜
jasonkayzk.github.io,2020-04-21 10:09:45,åœ¨Dockerä¸­å®‰è£…MongoDBå¹¶é…ç½®
jasonkayzk.github.io,2020-08-31 15:48:14,ä½¿ç”¨Golangå»ºç«‹ä¸€ä¸ªç®€å•çš„å…¨æ–‡æœç´¢å¼•æ“
jasonkayzk.github.io,1996-07-27 08:00:00,ç®—æ³•:ä»ä¸Šå¾€ä¸‹æ‰“å°äºŒå‰æ ‘
jasonkayzk.github.io,1996-07-27 08:00:00,ç®—æ³•:æ„å»ºä¹˜ç§¯æ•°ç»„
jasonkayzk.github.io,2020-03-25 16:44:06,åˆ†äº«ä¸€ä¸ªäº‘ç›˜ä¸‡èƒ½é’¥åŒ™æ’ä»¶
jasonkayzk.github.io,2020-01-16 14:41:28,ä½¿ç”¨Dockerå®¹å™¨æ—¶æ·»åŠ å¯¹å¤–æ˜ å°„ç«¯å£çš„æ–¹æ³•æ€»ç»“
jasonkayzk.github.io,2020-03-02 13:28:39,Javaçš„å†…çœæŠ€æœ¯
jasonkayzk.github.io,2019-09-23 14:45:34,ä½¿ç”¨RSSæ„å»ºä½ è‡ªå·±çš„èšåˆä¿¡æ¯
jasonkayzk.github.io,1996-07-27 08:00:00,ç®—æ³•:ç¬¬Nä¸ªä¸‘æ•°
jasonkayzk.github.io,2019-10-01 23:43:55,ä¸ºä»€ä¹ˆåœ¨Javaä¸­Stringè¢«è®¾è®¡ä¸ºä¸å¯å˜
jasonkayzk.github.io,2019-09-12 10:33:27,Javaå¹¶å‘ç¼–ç¨‹-2-é”çš„æ¦‚è¿°
jasonkayzk.github.io,2019-11-24 16:39:37,Javaé›†åˆä¸‰-Iteratorçš„Fail-Fastæœºåˆ¶æ€»ç»“
jasonkayzk.github.io,2019-12-30 12:34:53,é˜¿é‡Œäº‘Rediså¼€å‘è§„èŒƒ
jasonkayzk.github.io,2019-10-16 14:48:40,ä¸ºä»€ä¹ˆSpringä¸­ä¸æ¨èä½¿ç”¨@Autowiredå­—æ®µæ³¨å…¥
jasonkayzk.github.io,2020-12-07 11:29:21,Bashå‘½ä»¤è‡ªåŠ¨è¡¥å…¨å®æˆ˜
jasonkayzk.github.io,2020-06-21 20:22:01,æœ€è¿‘ä¸€ä¸ªæœˆä»¥æ¥çš„æ€»ç»“
jasonkayzk.github.io,1996-07-27 08:00:00,ç®—æ³•:äºŒå‰æœç´¢æ ‘çš„ç¬¬kä¸ªç»“ç‚¹
jasonkayzk.github.io,2019-09-13 10:13:28,Javaå®ç°çš„ä¸€ä¸ªåŸç”ŸRPCä¾‹å­
jasonkayzk.github.io,1996-07-27 08:00:00,ç®—æ³•:ç”¨ä¸¤ä¸ªæ ˆå®ç°é˜Ÿåˆ—
jasonkayzk.github.io,2020-05-01 13:51:50,Aria2å®‰è£…ä¸é…ç½®
jasonkayzk.github.io,2019-11-22 14:12:59,JavaåŸºç¡€æ€»ç»“ä¹‹å…­
jasonkayzk.github.io,2020-12-05 20:54:26,åˆ†äº«ä¸¤ä¸ªåœ¨çº¿çœ‹è¡—æ™¯ç½‘ç«™
jasonkayzk.github.io,2019-11-25 09:51:03,JavaåŸºç¡€æ€»ç»“ä¹‹ä¸ƒ
jasonkayzk.github.io,1996-07-27 08:00:00,ç®—æ³•:æ»‘åŠ¨çª—å£çš„æœ€å¤§å€¼
jasonkayzk.github.io,2020-01-25 10:21:59,å…³äºMybatis-plusè°ƒç”¨baseMapperæŠ¥é”™Invalid-bound-statementçš„è§£å†³
jasonkayzk.github.io,2020-01-22 15:35:56,EZShareé¡¹ç›®æ€»ç»“-1
jasonkayzk.github.io,2020-08-28 16:01:03,ä½¿ç”¨Wakatimeè®°å½•ä½ çš„Codingæ•°æ®
jasonkayzk.github.io,1996-07-27 08:00:00,ç®—æ³•:æŒ‰ä¹‹å­—å½¢é¡ºåºæ‰“å°äºŒå‰æ ‘
jasonkayzk.github.io,1996-07-27 08:00:00,ç®—æ³•:äºŒå‰æ ‘çš„é•œåƒ
jasonkayzk.github.io,2019-12-05 16:11:39,Springé¡¹ç›®é…ç½®æ–‡ä»¶ä¸­çš„xmlnsã€xmlns:xsiå’Œxsi:schemaLocationç†è§£
jasonkayzk.github.io,2020-12-07 17:15:15,è°ƒæ•™Chromeä¸­çš„å°æé¾™æ¸¸æˆ
jasonkayzk.github.io,2021-02-28 09:29:16,ã€è½¬ã€‘å¯»æ‰¾ä½ æ„¿æ„å¿å—çš„ç—›è‹¦
jasonkayzk.github.io,2020-04-06 19:08:10,Linuxä¸­çš„Shell
jasonkayzk.github.io,2019-12-30 09:12:17,Windowsä¸‹ç»ˆç«¯Cmderé…ç½®
jasonkayzk.github.io,2020-02-05 20:47:55,Ubuntuä¸‹å®‰è£…æ—¥è¯­è¾“å…¥æ³•Mozc
jasonkayzk.github.io,2019-11-25 22:30:49,Javaä¸­çš„IOæµ
jasonkayzk.github.io,1996-07-27 08:00:01,ç®—æ³•:æ—‹è½¬æ•°ç»„çš„æœ€å°æ•°å­—
jasonkayzk.github.io,1996-07-27 08:00:00,ç®—æ³•:ä¸ç”¨åŠ å‡ä¹˜é™¤åšåŠ æ³•
jasonkayzk.github.io,2019-09-26 10:56:22,NIOç›¸å…³åŸºç¡€ç¯‡ä¹‹æ“ä½œç³»ç»ŸI/Oæ¨¡å‹
jasonkayzk.github.io,2019-12-04 10:02:09,MySQLè‡ªå®šä¹‰å‡½æ•°
jasonkayzk.github.io,2020-08-28 16:00:13,Github Actionsæ€»ç»“
jasonkayzk.github.io,2020-04-13 09:33:35,è´Ÿè½½å‡è¡¡Nginx-ä¸€äº›å¸¸è§çš„é—®é¢˜
jasonkayzk.github.io,2020-03-03 21:56:04,è®°ä¸€æ¬¡Githubä»“åº“é‡æ„
jasonkayzk.github.io,1996-07-27 08:00:00,ç®—æ³•:è¡¨ç¤ºæ•°å€¼çš„å­—ç¬¦ä¸²
jasonkayzk.github.io,1996-07-27 08:00:00,ç®—æ³•:ç¬¬ä¸€ä¸ªåªå‡ºç°ä¸€æ¬¡çš„å­—ç¬¦ä½ç½®
jasonkayzk.github.io,1996-07-27 08:00:00,ç®—æ³•:è¿ç»­å­æ•°ç»„çš„æœ€å¤§å’Œ
jasonkayzk.github.io,2020-04-26 19:36:59,ä¸ºä½ çš„Dockerç˜¦èº«
jasonkayzk.github.io,2019-12-12 22:41:42,æ·±å…¥å‰–æJavaä¸­çš„voidå’Œjava.lang.Void
jasonkayzk.github.io,2020-10-26 19:50:59,ä½¿ç”¨mongodbå’Œserverlessç»™ä½ çš„åšå®¢æ·»åŠ ç‚¹èµå§
jasonkayzk.github.io,2019-09-16 14:28:00,Lambdaè¡¨è¾¾å¼æ€»ç»“
jasonkayzk.github.io,2019-09-14 00:40:52,IDEAçš„mavenå·¥ç¨‹è¯»å–resourceèµ„æºæ–‡ä»¶
jasonkayzk.github.io,2019-10-10 20:40:24,ElasticSearchä¹‹å­¦ä¹ ç¯‡-1
jasonkayzk.github.io,2020-02-24 15:57:18,å‡ ç§å¸¸è§æ’åºæ–¹æ³•çš„ä¼˜åŒ–(ä¸‹)
jasonkayzk.github.io,1996-07-27 08:00:00,ç®—æ³•:æ•°ç»„ä¸­çš„é€†åºå¯¹
jasonkayzk.github.io,2020-09-18 19:10:08,åœ¨Giteeæ­å»ºGithub Pages
jasonkayzk.github.io,2021-03-06 19:37:41,Githubä¸»é¡µæ›´æ–°äº†ï¼Œå˜å¾—æ›´åŠ é…·ç‚«ï¼
jasonkayzk.github.io,2019-11-23 13:31:19,Javaé›†åˆä¸€-Collectionæ¶æ„
jasonkayzk.github.io,2020-01-17 21:30:52,ä½¿ç”¨Dockeréƒ¨ç½²Redisé›†ç¾¤-ä¸‰ä¸»ä¸‰ä»
jasonkayzk.github.io,2019-09-25 15:52:54,NIOç›¸å…³åŸºç¡€ç¯‡ä¹‹JDK
jasonkayzk.github.io,1996-07-27 08:00:00,ç®—æ³•:æ•´æ•°ä¸­1å‡ºç°çš„æ¬¡æ•°
jasonkayzk.github.io,2019-11-25 10:09:54,IDEAä¸­è®¾ç½®JVMè¿è¡Œå‚æ•°
jasonkayzk.github.io,2019-12-05 10:00:53,MySQLç´¢å¼•
jasonkayzk.github.io,2021-02-17 14:15:18,é‚£äº›åˆ»åœ¨DNAé‡Œçš„
jasonkayzk.github.io,2019-11-21 10:39:14,JavaåŸºç¡€æ€»ç»“ä¹‹ä¸€
jasonkayzk.github.io,2020-04-10 19:34:17,åˆ†äº«ç®—æ³•å¯è§†åŒ–çš„ç½‘ç«™
jasonkayzk.github.io,2019-12-03 20:36:03,å…³äºJDK8æ·»åŠ çš„Spliteratorçš„ä¸€äº›ç†è§£
jasonkayzk.github.io,2020-04-03 15:44:30,ACMé›†è®­-STL
jasonkayzk.github.io,2020-01-22 20:39:16,EZShareé¡¹ç›®æ€»ç»“-2
jasonkayzk.github.io,2020-04-30 15:47:29,git-cherry-pickæ•™ç¨‹
jasonkayzk.github.io,2020-09-18 19:15:31,åœ¨Githubå…è´¹é¢†å–ä½ çš„Macå’ŒLinuxç»ˆç«¯å§~
jasonkayzk.github.io,1996-07-27 08:00:00,ç®—æ³•:æ•°æ®æµä¸­çš„ä¸­ä½æ•°
jasonkayzk.github.io,2019-09-24 20:38:21,åœ¨Linuxä¸‹é…ç½®Dockerçš„ç›¸å…³é—®é¢˜ä»¥åŠå·¥å…·æ¨è
jasonkayzk.github.io,2019-12-06 19:02:30,Dubbo-Adminçš„éƒ¨ç½²
jasonkayzk.github.io,2020-01-10 11:24:27,ä½¿ç”¨Mavenæ’ä»¶åœ¨Dockerä¸­éƒ¨ç½²ä½ çš„Tomcaté¡¹ç›®
jasonkayzk.github.io,1996-07-27 00:00:03,ç®—æ³•:æ›¿æ¢ç©ºæ ¼
jasonkayzk.github.io,2020-03-17 10:43:21,æœ€è¿‘ä¸€äº›é¢è¯•ç»å†çš„æ€»ç»“
jasonkayzk.github.io,2020-04-21 20:00:37,è§£å†³ç”±äºDNSæ±¡æŸ“å¯¼è‡´çš„ç½‘ç«™æ— æ³•è®¿é—®é—®é¢˜
jasonkayzk.github.io,1996-07-27 08:00:00,ç®—æ³•:æœ€å°çš„Kä¸ªæ•°
jasonkayzk.github.io,2020-04-10 12:44:00,LVSä¸­DRæ¨¡å‹å®æˆ˜
jasonkayzk.github.io,2020-02-27 10:28:22,åˆ†äº«ä¸€ä¸ªåå‘ä»£ç†çš„ç¿»Qç½‘ç«™
jasonkayzk.github.io,2020-02-24 15:38:47,å‡ ç§å¸¸è§æ’åºæ–¹æ³•çš„ä¼˜åŒ–(ä¸Š)
jasonkayzk.github.io,1996-07-27 08:00:00,ç®—æ³•:æ•°ç»„ä¸­åªå‡ºç°ä¸€æ¬¡çš„æ•°å­—
jasonkayzk.github.io,2019-11-27 14:18:28,Javaé›†åˆå…«-Mapæ¶æ„
jasonkayzk.github.io,2021-01-13 10:29:37,è§£å†³Androidé¡¹ç›®ä¸‹è½½Gradleé€Ÿåº¦ææ…¢çš„é—®é¢˜
jasonkayzk.github.io,1996-07-27 08:00:00,ç®—æ³•:æ‰‘å…‹ç‰Œé¡ºå­
jasonkayzk.github.io,2020-01-25 13:50:28,EZShareé¡¹ç›®æ€»ç»“-3
jasonkayzk.github.io,2020-03-25 14:48:22,Javaä¸­çš„åå°„çœŸçš„å¯ä»¥è·å–æ³›å‹å±æ€§å—
jasonkayzk.github.io,2020-02-06 22:51:45,æ€ä¹ˆä¿è¯Rediså’ŒDBä¸­çš„æ•°æ®ä¸€è‡´
jasonkayzk.github.io,1996-07-27 08:00:00,ç®—æ³•:äºŒå‰æœç´¢æ ‘ä¸åŒå‘é“¾è¡¨
jasonkayzk.github.io,2020-05-22 20:50:15,Postmanä¸­Testsè„šæœ¬æ€»ç»“
jasonkayzk.github.io,2020-12-05 21:37:43,ã€è½¬ã€‘åœ¨AMDå¤„ç†å™¨ä¸Šé€šè¿‡VMWare15å®‰è£…MacOS
jasonkayzk.github.io,2019-09-06 14:05:15,æœ‰å…³åšå®¢æºä»£ç å¦‚ä½•åœ¨Githubä¸Šä¿å­˜çš„ç›¸å…³æ€»ç»“
jasonkayzk.github.io,2020-02-05 16:22:43,æœ€è¿‘ã„ã‚ã„ã‚ã®æ„Ÿæƒ³
jasonkayzk.github.io,2020-10-23 18:11:08,ä½¿ç”¨Github-ActionsåŒæ­¥githubå’Œgiteeä»“åº“
jasonkayzk.github.io,2020-12-07 16:15:44,ä»£ç ä¸­åµŒå…¥äº†httpé“¾æ¥ä¼šå‘ç”Ÿä»€ä¹ˆ
jasonkayzk.github.io,2019-09-23 19:54:14,Springä¸­xmlã€æ³¨è§£å’ŒJavaConfigåˆ°åº•é€‰å“ªä¸ª
jasonkayzk.github.io,2021-01-21 11:27:42,Goåˆ›å»ºGoroutineæ—¶æ˜¾å¼è°ƒç”¨æ—¶çš„å‘
jasonkayzk.github.io,2020-05-22 20:52:08,Postmanç»“åˆNewmanåšè‡ªåŠ¨åŒ–æµ‹è¯•
jasonkayzk.github.io,2020-05-10 17:07:14,Golangä¾èµ–ç®¡ç†gomod
jasonkayzk.github.io,1996-07-27 08:00:00,ç®—æ³•:åˆå¹¶ä¸¤ä¸ªæ’åºçš„é“¾è¡¨
jasonkayzk.github.io,2019-12-05 14:07:35,JavaåŸºç¡€æ€»ç»“ä¹‹å…«
jasonkayzk.github.io,2019-12-30 10:31:43,JVMå †å†…å­˜æº¢å‡ºåå…¶ä»–çº¿ç¨‹å¯å¦ç»§ç»­å·¥ä½œ
jasonkayzk.github.io,2020-03-10 10:51:33,æ·±å…¥ç†è§£AQSå®ç°åŸç†
jasonkayzk.github.io,2019-09-01 22:29:38 #æ–‡ç« ç”Ÿæˆæ—¶é—´ï¼Œä¸€èˆ¬ä¸æ”¹ï¼Œå½“ç„¶ä¹Ÿå¯ä»¥ä»»æ„ä¿®æ”¹,å¼ å°å‡¯çš„åšå®¢å¼€é€šå•¦!  #æ–‡ç« é¡µé¢ä¸Šçš„æ˜¾ç¤ºåç§°ï¼Œä¸€èˆ¬æ˜¯ä¸­æ–‡
jasonkayzk.github.io,2020-10-01 21:55:24,ã€è½¬ã€‘ShadowsocksRéƒ¨ç½²
jasonkayzk.github.io,1996-07-27 08:00:00,ç®—æ³•:æ­£åˆ™è¡¨è¾¾å¼åŒ¹é…
jasonkayzk.github.io,2020-03-17 10:50:09,å…³äºåç¨‹çš„ä¸€äº›æ€è€ƒ
jasonkayzk.github.io,2020-02-21 09:06:54,å…³äºå†™ä»£ç è¿™å‡ å¹´çš„ä¸€äº›æ„Ÿæ‚Ÿå’Œæ€»ç»“
jasonkayzk.github.io,2020-03-02 12:36:42,å®ç°ä¸€ä¸ªç®€å•çš„SpringIOCå®¹å™¨
jasonkayzk.github.io,1996-07-27 08:00:00,ç®—æ³•:äºŒè¿›åˆ¶ä¸­1çš„ä¸ªæ•°
jasonkayzk.github.io,2019-10-16 19:30:51,Dockerfileå­¦ä¹ 
jasonkayzk.github.io,1996-07-27 08:00:00,ç®—æ³•:æ ˆçš„å‹å…¥ã€å¼¹å‡ºåºåˆ—
jasonkayzk.github.io,2020-06-25 20:47:19,golangå¹¶å‘ç´ æ•°ç­›-å¹¶å‘çœŸçš„ä¼šå¿«å—ï¼Ÿ
jasonkayzk.github.io,2020-09-29 23:50:12,Golangä¸­çš„è¿›åº¦æ¡ä½¿ç”¨
jasonkayzk.github.io,2021-01-27 17:35:04,cmakeç”ŸæˆåŠ¨æ€é“¾æ¥åº“dll
jasonkayzk.github.io,2020-05-02 17:43:02,è§£å†³Aria2çš„BTä¸‹è½½é€Ÿåº¦æ…¢æˆ–æ²¡é€Ÿåº¦çš„é—®é¢˜
jasonkayzk.github.io,2019-09-12 16:15:45,å‡ ç§å¸¸è§çš„å¼€æºåè®®æ€»ç»“
jasonkayzk.github.io,2019-09-04 21:42:35,Ubuntuä¸‹å®‰è£…IDEA
jasonkayzk.github.io,1996-07-27 08:00:00,ç®—æ³•:ä¸¤ä¸ªé“¾è¡¨çš„ç¬¬ä¸€ä¸ªå…¬å…±ç»“ç‚¹
jasonkayzk.github.io,2020-04-20 10:43:38,è§£å†³Express Command Not Foundé—®é¢˜
jasonkayzk.github.io,2019-11-27 19:14:09,Javaé›†åˆä¹-HashMap
jasonkayzk.github.io,2020-09-23 19:34:21,åœ¨Golangä¸­ä½¿ç”¨nilè°ƒç”¨æ–¹æ³•
jasonkayzk.github.io,2019-11-22 19:28:07,"å°†ä½ çš„åšå®¢æ–‡ç« å°é¢ä¿®æ”¹ä¸ºéšæœºå›¾ç‰‡, å‘Šåˆ«å•è°ƒå§!"
jasonkayzk.github.io,2020-12-19 11:28:08,ä½¿ç”¨MongoDBæŸ¥æ‰¾æœ€è¿‘é˜…è¯»æœ€å¤šçš„æ–‡ç« 
jasonkayzk.github.io,2020-01-14 22:31:51,ä½¿ç”¨Docker-Mavenæ’ä»¶éƒ¨ç½²Tomcat
jasonkayzk.github.io,1996-07-27 08:00:00,ç®—æ³•:åŒ…å«minå‡½æ•°çš„æ ˆ
jasonkayzk.github.io,2019-10-31 21:37:54,åŒåä¸€ä»»åŠ¡è„šæœ¬
jasonkayzk.github.io,2019-11-22 10:40:32,JavaåŸºç¡€æ€»ç»“ä¹‹å››
jasonkayzk.github.io,2020-05-14 21:16:31,ä½¿ç”¨Protobuf3å’Œgrpcå®ç°RPCè°ƒç”¨
jasonkayzk.github.io,2020-01-16 14:24:39,è§£å†³Mybatisåˆ†é¡µæ’ä»¶PageHelperçš„Interceptorä¸åŒ¹é…çš„é—®é¢˜
jasonkayzk.github.io,2020-02-10 12:15:05,Rediså®ç°åˆ†å¸ƒå¼Session
jasonkayzk.github.io,2021-03-06 21:05:10,ã€è½¬ã€‘æµ…è°ˆvpnã€vpsã€Proxyä»¥åŠshadowsocksä¹‹é—´çš„è”ç³»å’ŒåŒºåˆ«
jasonkayzk.github.io,2020-05-10 14:19:09,Windowsä¸‹æ·»åŠ cmderå³é”®é€‰é¡¹
jasonkayzk.github.io,1996-07-27 08:00:00,ç®—æ³•:æœºå™¨äººçš„è¿åŠ¨èŒƒå›´
jasonkayzk.github.io,1996-07-27 08:00:00,ç®—æ³•:äºŒå‰æ ‘çš„æ·±åº¦
jasonkayzk.github.io,2020-04-13 09:30:59,è´Ÿè½½å‡è¡¡Nginx
jasonkayzk.github.io,2019-12-03 17:39:33,Javaé›†åˆå-TreeNodeä¸HashMap
jasonkayzk.github.io,2019-10-04 19:14:55,åœ¨å•å°æœåŠ¡å™¨éƒ¨ç½²å¤šä¸ªElasticSearchèŠ‚ç‚¹
jasonkayzk.github.io,2020-02-05 23:28:43,Redisé¢è¯•ç›¸å…³é—®é¢˜
jasonkayzk.github.io,2020-02-28 18:54:48,åˆ†äº«ä¸€ä¸ªåœ¨çº¿P2Pæ–‡ä»¶ä¼ é€ç½‘ç«™(æ”¯æŒè§†é¢‘æµ)
jasonkayzk.github.io,2020-05-03 17:06:56,Git Worktreeçš„ä½¿ç”¨
jasonkayzk.github.io,2019-11-21 19:59:32,JavaåŸºç¡€æ€»ç»“ä¹‹äºŒ
jasonkayzk.github.io,2020-10-23 21:46:58,Chromeæ‰©å±•å…¥é—¨
jasonkayzk.github.io,2019-11-24 11:54:58,Javaé›†åˆäºŒ-ArrayList
jasonkayzk.github.io,2020-09-29 11:12:50,ä½¿ç”¨é›¶å®½å­—ç¬¦å®ç°æ–‡æœ¬éšè—åŠ å¯†
jasonkayzk.github.io,2021-01-23 10:59:02,éšæœºå›¾ç‰‡æ”¶é›†
jasonkayzk.github.io,2019-11-22 11:46:46,JavaåŸºç¡€æ€»ç»“ä¹‹äº”
jasonkayzk.github.io,1996-07-27 08:00:00,ç®—æ³•:ç¿»è½¬å•è¯é¡ºåºåˆ—
jasonkayzk.github.io,2019-09-11 11:04:53,Javaå¹¶å‘ç¼–ç¨‹-2
jasonkayzk.github.io,2020-04-26 20:07:32,ä½¿ç”¨Dockeréƒ¨ç½²zookeeperé›†ç¾¤
jasonkayzk.github.io,1996-07-27 08:00:00,ç®—æ³•:æ•°ç»„ä¸­å‡ºç°æ¬¡æ•°è¶…è¿‡ä¸€åŠçš„æ•°å­—
jasonkayzk.github.io,2019-09-04 21:30:28,Ubuntuä¸‹å®‰è£…Typora
jasonkayzk.github.io,1996-07-27 08:00:03,ç®—æ³•:è·³å°é˜¶
jasonkayzk.github.io,1996-07-27 08:00:00,ç®—æ³•:åœ†åœˆä¸­æœ€åå‰©ä¸‹çš„æ•°
jasonkayzk.github.io,1996-07-27 08:00:00,ç®—æ³•:å¹³è¡¡äºŒå‰æ ‘
jasonkayzk.github.io,2020-03-05 14:13:03,Javaçº¿ç¨‹æ± ThreadPoolExecutoråˆ†æä¸å®æˆ˜ç»ˆ
jasonkayzk.github.io,2019-12-25 20:05:30,Javaé¢è¯•é¢˜æ€»ç»“ä¹‹ä¸€ç»­
jasonkayzk.github.io,2020-09-28 11:30:47,Goå®ç°HTTPæ–­ç‚¹ç»­ä¼ å¤šçº¿ç¨‹ä¸‹è½½
jasonkayzk.github.io,2020-12-13 11:08:44,æµ…è°ˆC++ä¸­çš„RAII
jasonkayzk.github.io,2021-02-21 19:42:08,ä½¿ç”¨WifiAudioè®©Androidæœºå……å½“æ— çº¿éŸ³ç®±
jasonkayzk.github.io,2020-07-11 21:38:47,ä½¿ç”¨è£…é¥°å™¨æ¨¡å¼ç»™ä½ çš„å¼‚æ­¥å›è°ƒè®¾ç½®è¶…æ—¶é‡è¯•
jasonkayzk.github.io,1996-07-27 08:00:02,ç®—æ³•:é‡å»ºäºŒå‰æ ‘
jasonkayzk.github.io,2019-12-24 22:37:24,Javaé¢è¯•é¢˜æ€»ç»“ä¹‹ä¸€
jasonkayzk.github.io,2020-01-17 22:30:29,[è½¬]rediså¸¸ç”¨é…ç½®redis.confè¯´æ˜
jasonkayzk.github.io,2020-02-28 23:06:00,è®°ä¸€æ¬¡é¢è¯•å‰å’Œé˜¿é‡Œå‘˜å·¥äº¤æµæ„Ÿæ‚Ÿ
jasonkayzk.github.io,2020-12-07 15:28:10,cURLå‘½ä»¤è½¬ä»£ç å·¥å…·
jasonkayzk.github.io,2019-10-03 09:52:15,ElasticSearchä¸ºä»€ä¹ˆåœ¨é«˜ç‰ˆæœ¬ç§»é™¤æ˜ å°„ç±»å‹
jasonkayzk.github.io,2020-01-16 11:08:15,ä½¿ç”¨Dockeræ­å»ºå›¾ç‰‡æœåŠ¡å™¨
jasonkayzk.github.io,1996-07-27 08:00:00,ç®—æ³•:äºŒå‰æ ‘ä¸­å’Œä¸ºæŸä¸€å€¼çš„è·¯å¾„
jasonkayzk.github.io,2020-11-13 10:38:44,ä¸¤è¡ŒNginxä»£ç è·å–è®¿é—®è€…çš„å…¬ç½‘IP
jasonkayzk.github.io,2021-01-15 11:15:57,åˆ†äº«ä¸€ä¸ªåœ¨çº¿åä½œç™½æ¿ç½‘ç«™
jasonkayzk.github.io,2020-05-03 10:57:45,Git Stashç”¨æ³•æ€»ç»“
jasonkayzk.github.io,2020-04-30 11:42:19,æ¨èå‡ ä¸ªé™æ€èµ„æºæ‰˜ç®¡ç½‘ç«™
jasonkayzk.github.io,2020-01-12 11:52:11,é¦–æ¬¡è£…æœºå…¨çºªå½•
jasonkayzk.github.io,2021-03-04 08:46:16,å…³äºå»ºç­‘è®¾è®¡
jasonkayzk.github.io,2019-10-10 21:32:56,"å…³äºä½¿ç”¨Gitæ—¶push/pullè¶…æ—¶, ä»¥åŠGithubè®¿é—®æ…¢çš„è§£å†³åŠæ³•"
jasonkayzk.github.io,2019-12-04 10:02:18,MySQLè§¦å‘å™¨
jasonkayzk.github.io,2020-11-04 11:21:53,æ‰‹æŠŠæ‰‹æ•™ä½ ä½¿ç”¨Electronå¼€å‘æ–°æµªå¾®åšå…ç™»å½•å›¾ç‰‡ä¸‹è½½å™¨
jasonkayzk.github.io,2019-09-28 10:52:18,YAMLæ–‡ä»¶æ€»ç»“
jasonkayzk.github.io,1996-07-27 08:00:00,ç®—æ³•:è°ƒæ•´æ•°ç»„é¡ºåºä½¿å¥‡æ•°ä½äºå¶æ•°å‰é¢
jasonkayzk.github.io,2020-03-04 17:07:47,Javaçº¿ç¨‹æ± ThreadPoolExecutoråˆ†æä¸å®æˆ˜ç»­
jasonkayzk.github.io,1996-07-27 08:00:00,ç®—æ³•:å‰ªç»³å­
jasonkayzk.github.io,2019-11-27 10:05:10,Javaé›†åˆå…­-Stack
jasonkayzk.github.io,2019-10-16 13:43:19,Mavenæ‰“åŒ…java11æŠ¥é”™Fatal error compilingçš„è§£å†³åŠæ³•
jasonkayzk.github.io,2019-09-26 16:29:59,NIOç›¸å…³åŸºç¡€ç¯‡ä¹‹å®æˆ˜
jasonkayzk.github.io,2020-03-09 10:35:21,åˆ†äº«å‡ ä¸ªç›´æ’­æºåœ°å€
jasonkayzk.github.io,2021-01-21 17:06:57,ä½¿ç”¨Goæ„å»ºGraphQL API
jasonkayzk.github.io,2020-01-15 17:25:08,mybatis-generatoré€†å‘å·¥ç¨‹æ€»ç»“
jasonkayzk.github.io,2019-09-14 22:52:14,Javaå¹¶å‘æ€»ç»“-3-ThreadLocalRandomç±»
jasonkayzk.github.io,1996-07-27 08:00:00,ç®—æ³•:æ ‘çš„å­ç»“æ„
jasonkayzk.github.io,1996-07-27 08:00:00,ç®—æ³•:åºåˆ—åŒ–äºŒå‰æ ‘
jasonkayzk.github.io,2020-02-25 17:37:53,å¹¶å‘æ’åºä»ForkJoinåˆ°Stream
jasonkayzk.github.io,2020-04-16 21:45:34,åˆ†äº«-ä¸¤ä¸ªè§†é¢‘åœ¨çº¿è§£æç½‘ç«™
qingbob.com,2020-07-08,ã€è¯‘æ–‡ã€‘ã€å‰ç«¯æ¶æ„é‰´èµ 02ã€‘ï¼šå¯æ‹“å±• Angular 2 æ¶æ„
qingbob.com,2012-02-29,ã€åŸåˆ›ç¿»è¯‘ã€‘æ·±å…¥ç†è§£javascriptäº‹ä»¶å¤„ç†å‡½æ•°ç»‘å®šä¸‰éƒ¨æ›²ï¼ˆäºŒï¼‰â€”â€”ä¼ ç»Ÿå¤„ç†å‡½æ•°ç»‘å®šæ¨¡å‹
qingbob.com,2020-06-30,ã€è¯‘æ–‡ã€‘ã€å‰ç«¯æ¶æ„é‰´èµ 01ã€‘ï¼šAngular æ¶æ„æ¨¡å¼ä¸æœ€ä½³å®è·µ
qingbob.com,2011-01-12,"æ·±å…¥æµ…å‡ºCSS3ï¼šbackground-clip,background-originå’Œborder-imageæ•™ç¨‹"
qingbob.com,2020-06-16,å‰ç«¯æ¶æ„ 101ï¼ˆäº”ï¼‰ï¼šä» Flux è¿›åŒ–åˆ° Model-View-Presenter
qingbob.com,2014-06-16,è®©æˆ‘ä»¬å†èŠèŠæµè§ˆå™¨èµ„æºåŠ è½½ä¼˜åŒ–
qingbob.com,2020-06-09,å‰ç«¯æ¶æ„ 101ï¼ˆå››ï¼‰ï¼šMVCçš„ä¸è¶³ä¸Fluxçš„å´›èµ·
qingbob.com,2018-12-17,Mobx ä¸ Redux çš„æ€§èƒ½å¯¹æ¯”
qingbob.com,2014-02-28,ä»åƒåœ¾å›æ”¶ç®—æ³•åˆ°Object Pool
qingbob.com,2017-04-20,å›¾æ–‡å¹¶èŒ‚çš„Visual Studio Codeå¿«æ·é”®æŠ€å·§å¤§å…¨
qingbob.com,2017-07-12,æ— æ‡ˆå¯å‡»çš„æµè§ˆå™¨ç¼“å­˜æ–¹æ¡ˆï¼šå…³äºæ€è·¯ï¼Œç»†èŠ‚ï¼ŒServiceWorkerï¼Œä»¥åŠHTTP/2
qingbob.com,2013-12-20,Promise/Açš„è¯¯åŒºä»¥åŠå®è·µ
qingbob.com,2019-01-02,æ„å»ºå¤§å‹ Mobx åº”ç”¨çš„å‡ ä¸ªå»ºè®®
qingbob.com,2017-10-10,ä»Reactè„šæ‰‹æ¶å·¥å…·å­¦ä¹ Reacté¡¹ç›®çš„æœ€ä½³å®è·µï¼ˆä¸Šï¼‰ï¼šå‰ç«¯åŸºç¡€é…ç½®
qingbob.com,2013-03-14,å¦‚ä½•ç»„ç»‡Htmlå…ƒç´ ä¸å¦‚ä½•è¿›è¡ŒCSSå‘½åï¼ˆä¸Šï¼‰
qingbob.com,2013-08-10,å…³äºUnicodeå’ŒURL encodingå…¥é—¨çš„ä¸€åˆ‡ä»¥åŠæ³¨æ„äº‹é¡¹
qingbob.com,2013-1-20,ä»MVCæ¨¡å¼åœ¨å‰ç«¯å¼€å‘ä¸­çš„å±€é™æ€§è°ˆèµ·
qingbob.com,2019-05-18,æ·±å…¥ç†è§£ Webpack æ‰“åŒ…åˆ†å—ï¼ˆä¸Šï¼‰
qingbob.com,2020-06-02,å‰ç«¯æ¶æ„ 101ï¼ˆä¸€ï¼‰ï¼šåœ¨è°ˆè®ºå®ƒä»¬ä¹‹å‰æˆ‘ä»¬éœ€è¦è¾¾æˆçš„å…±è¯†
qingbob.com,2012-03-01,ç”¨æœ€é€šä¿—æ˜“æ‡‚çš„ä»£ç å¸®åŠ©æ–°æ‰‹ç†è§£javascripté—­åŒ…
qingbob.com,2016-01-23,ã€è¯‘æ–‡ã€‘äº†è§£XSSæ”»å‡»
qingbob.com,2010-11-20,ä»Šå¤©é‡åˆ°çš„jquery $.ajax()å–xmlæ•°æ®çš„å°é—®é¢˜
qingbob.com,2017-11-05,æ·±å…¥Reactçš„ç”Ÿå‘½å‘¨æœŸ(ä¸Š)ï¼šå‡ºç”Ÿ(Mount)
qingbob.com,2019-07-21,ä»£ç ä¸è´¨é‡çš„æ€è€ƒä¸éšç¬”
qingbob.com,2014-10-14,ç§»åŠ¨å¼€å‘çš„é‚£äº›äº‹ï¼ˆä¸Šï¼‰ï¼šæ·±å…¥æ¦‚å¿µ
qingbob.com,2017-06-08,ä½¿ç”¨fetchæ¥å£postæ•°æ®æ—¶è®°å¾—æŒ‡å®š Content-Type
qingbob.com,2013-05-12,è°ˆjavascriptå˜é‡å£°æ˜
qingbob.com,2017-07-05,é¢è¯•ç³»åˆ—ä¹‹äºŒï¼šä½ çœŸçš„äº†è§£Reactå—ï¼ˆä¸Šï¼‰å¦‚ä½•è®¾è®¡ç»„ä»¶ä»¥åŠé‡è¦çš„ç”Ÿå‘½å‘¨æœŸ
qingbob.com,2017-03-09,å¦‚ä½•ä½¿ç”¨Javascriptå®ç°ç¼“åŠ¨ç‰¹æ•ˆ
qingbob.com,2013-07-13,Javascript - ä»prototypeæ¼«è°ˆåˆ°ç»§æ‰¿(2)
qingbob.com,2020-06-02,å‰ç«¯æ¶æ„ 101ï¼ˆä¸‰ï¼‰ï¼šMVC å¯ç¤ºå½•ï¼šæ¨¡å—çš„èŒè´£ï¼Œä½œç”¨åŸŸå’Œé€šä¿¡
qingbob.com,2014-04-30,Javascripté«˜æ€§èƒ½åŠ¨ç”»ä¸é¡µé¢æ¸²æŸ“
qingbob.com,2011-04-09,jQueryåŠ¨ç”»é«˜çº§ç”¨æ³•ï¼ˆä¸Šï¼‰â€”â€”è¯¦è§£animationä¸­çš„.queue()å‡½æ•°
qingbob.com,2019-01-12,ä¸å¦‚è‡ªå·±å†™ä¸€ä¸ª schema ç±»åº“å§
qingbob.com,2018-10-12,ã€è¯‘æ–‡ã€‘ç»™æ„å»ºå¤§å‹ redux åº”ç”¨çš„äº”ä¸ªå»ºè®®
qingbob.com,2013-05-18,ç­”å¯’å†¬çš„é¢è¯•é¢˜
qingbob.com,2013-05-04,Javascript - ä»prototypeæ¼«è°ˆåˆ°ç»§æ‰¿(1)
qingbob.com,2019-12-28,å¦‚æœ Angular ç»„ä»¶æ— æ³•æ›´æ–°ï¼Œè¿™ç¯‡æ–‡ç« èƒ½å¸®åˆ°ä½ 
qingbob.com,2015-12-31,2015å¹´æˆ‘å†™äº†ä¸€æœ¬ä¹¦ã€Šé«˜æ€§èƒ½å“åº”å¼Webå¼€å‘å®æˆ˜ã€‹
qingbob.com,2018-11-15,ä»ç¾å›¢è¿™ç¯‡æ–‡ç« èŠèŠå¾®å‰ç«¯çš„èšåˆé—®é¢˜
qingbob.com,2018-02-22,JavaScript å¥‡æ€ªäº‹ä»¶ç°¿
qingbob.com,2012-02-17,ã€åŸåˆ›ç¿»è¯‘ã€‘æ·±å…¥ç†è§£javascriptäº‹ä»¶å¤„ç†å‡½æ•°ç»‘å®šä¸‰éƒ¨æ›²ï¼ˆä¸€ï¼‰â€”â€”æ—©æœŸçš„äº‹ä»¶å¤„ç†å‡½æ•°
qingbob.com,2013-12-20,å…³äºåšå®¢æ¬è¿è‡³Jekyllçš„FAQ
qingbob.com,2017-07-06,é¢è¯•ç³»åˆ—ä¹‹ä¸‰ï¼šä½ çœŸçš„äº†è§£Reactå—ï¼ˆä¸­ï¼‰ç»„ä»¶é—´çš„é€šä¿¡ä»¥åŠReactä¼˜åŒ–
qingbob.com,2013-05-31,åˆ©ç”¨Node.js+expressæ¡†å®ç°å›¾ç‰‡ä¸Šä¼ 
qingbob.com,2010-06-25,æˆ‘çš„ç¬¬ä¸€æ¬¾è½¯ä»¶å‘å¸ƒ
qingbob.com,2017-01-25,å…³äºNode.jsåç«¯æ¶æ„çš„ä¸€ç‚¹åçŸ¥åè§‰
qingbob.com,2012-03-06,ã€åŸåˆ›ç¿»è¯‘ã€‘æ·±å…¥ç†è§£javascriptäº‹ä»¶å¤„ç†å‡½æ•°ç»‘å®šä¸‰éƒ¨æ›²ï¼ˆä¸‰ï¼‰â€”â€”é«˜çº§äº‹ä»¶å‡½æ•°ç»‘å®šæ¨¡å‹
qingbob.com,2013-03-13,èŠJavascriptä¸­çš„AOPç¼–ç¨‹
qingbob.com,2013-04-05,å¦‚ä½•ç»„ç»‡Htmlå…ƒç´ ä¸å¦‚ä½•è¿›è¡ŒCSSå‘½åï¼ˆä¸‹ï¼‰
qingbob.com,2018-11-14,ç”¨ 100 è¡Œä»£ç æå‡ 10 å€çš„æ€§èƒ½
qingbob.com,2018-01-03,React + Redux æ€§èƒ½ä¼˜åŒ–ï¼ˆä¸€ï¼‰ï¼šç†è®ºç¯‡
qingbob.com,2016-05-13,"ã€çŸ­ç¯‡ã€‘ä¸çŸ¥ä¸è§‰,Chromeåˆåšäº†ä¸€ä¸ªä¼˜åŒ–"
qingbob.com,2016-12-27,ã€çŸ­ç¯‡ã€‘å°å¿ƒå­—ç¬¦ä¸²ä¸­çš„è½¬ä¹‰å­—ç¬¦
qingbob.com,2013-02-27,ä»onloadå’ŒDOMContentLoadedè°ˆèµ·
qingbob.com,2020-06-30,ã€è¯‘æ–‡ã€‘ã€å‰ç«¯æ¶æ„é‰´èµ 03ã€‘ï¼šAngular ä¸ MVP æ¨¡å¼
qingbob.com,2018-06-24,"ä¸è¦ç”¨JWTæ›¿ä»£sessionç®¡ç†ï¼ˆä¸Šï¼‰ï¼šå…¨é¢äº†è§£Token,JWT,OAuth,SAML,SSO"
qingbob.com,2010-12-28,ã€åŸåˆ›ç¿»è¯‘ã€‘æ·±å…¥ç†è§£CSSç›’å­æ¨¡å‹
qingbob.com,2018-03-21,React + Redux æ€§èƒ½ä¼˜åŒ–ï¼ˆäºŒï¼‰å·¥å…·ç¯‡ï¼š Immutablejs
qingbob.com,2019-01-15,ä»ªè¡¨ç›˜åœºæ™¯å‰ç«¯ä¼˜åŒ–ç»éªŒè°ˆ
qingbob.com,2019-05-18,æ·±å…¥ç†è§£ Webpack æ‰“åŒ…åˆ†å—ï¼ˆä¸‹ï¼‰
qingbob.com,2017-11-05,æ·±å…¥Reactçš„ç”Ÿå‘½å‘¨æœŸ(ä¸‹)ï¼šæ›´æ–°(Update)
qingbob.com,2016-05-01,å†™ç»™å‰ç«¯çœ‹çš„æ¶æ„æ–‡ç« (1)ï¼šMVC VS Flux
qingbob.com,2017-08-25,ECMAScript 6 å…­çº§è€ƒè¯•
qingbob.com,2013-11-22,è¯·åœæ­¢ä½¿ç”¨newå…³é”®å­—
qingbob.com,2013-03-13,#çŸ­ç¯‡#require.jsæ‰“åŒ…ä¸­çš„ä¸€ä¸ªå‘
qingbob.com,2017-02-16,"Fluxä¸ReduxèƒŒåçš„è®¾è®¡æ€æƒ³(äºŒ)ï¼šCQRS, Event Sourcing, DDD"
qingbob.com,2013-12-25,åœ¨Node.jsä¸­æ­å»ºç¼“å­˜ç®¡ç†æ¨¡å—
qingbob.com,2017-07-07,é¢è¯•ç³»åˆ—ä¹‹å››ï¼šä½ çœŸçš„äº†è§£Reactå—ï¼ˆä¸‹ï¼‰Fluxä¸Vuexçš„å·®å¼‚ä»¥åŠWebpack
qingbob.com,2013-06-24,ä½ çœŸçš„äº†è§£setTimeoutå’ŒsetIntervalå—ï¼Ÿ
qingbob.com,2017-02-13,"Fluxä¸ReduxèƒŒåçš„è®¾è®¡æ€æƒ³(ä¸€)ï¼šCommand Bus, Event Bus, Service Bus"
qingbob.com,2017-03-28,Webpack é€Ÿæˆ
qingbob.com,2019-09-07,å¾®å‰ç«¯è¯´æ˜ä¹¦
qingbob.com,2020-06-16,å‰ç«¯æ¶æ„ 101ï¼ˆå…­ï¼‰ï¼šæ•´æ´ï¼ˆClean Architectureï¼‰æ¶æ„æ˜¯å½’å®¿
qingbob.com,2020-06-02,å‰ç«¯æ¶æ„ 101ï¼ˆäºŒï¼‰ï¼š MVC åˆæ¢
qingbob.com,2019-06-09,ä¸€ç¯‡æ¥è‡ªå‰ç«¯åŒå­¦å¯¹åç«¯æ¥å£çš„åæ§½
qingbob.com,2012-02-08,ã€åŸåˆ›ç¿»è¯‘ã€‘ç”ŸåŠ¨è¯¦ç»†è§£é‡Šjavascriptçš„å†’æ³¡å’Œæ•è·ï¼ŒåŒ…æ‡‚åŒ…ä¼š
qingbob.com,2017-07-04,é¢è¯•ç³»åˆ—ä¹‹ä¸€ï¼šå…³äºå‰ç«¯é¢è¯•ç®—æ³•çš„ä¸€äº›å»ºè®®
cyril3.github.io,2018-02-21 01:12:10 +0800,è¯´çœ‹å°±çœ‹çš„æ—¥å‡º
cyril3.github.io,2020-05-20 22:45:00 +0800,ä»Šéæ˜”æ¯”çš„ä¹¦åº—
cyril3.github.io,2018-01-15 20:45:00 +0800,Linuxè¿›ç¨‹é—´é€šä¿¡æ¦‚è§ˆ
cyril3.github.io,2020-05-17 10:53:00 +0800,ä¿®å¤ Linux ä¸­çš„ä¸€ä¸ªå™ªéŸ³é—®é¢˜
cyril3.github.io,2018-07-07 22:00:00 +0800,å¾®å…‰
cyril3.github.io,2019-12-20 20:00:00 +0800,ä½¿ç”¨ IAR Embedded Workbench IDE åšå•å…ƒæµ‹è¯•
cyril3.github.io,2020-05-18 11:31:00 +0800,Put my cellphone away
cyril3.github.io,2015-02-19 02:12:10 +0800,ä¸‰å¹´ç‰¡ä¸¹
cyril3.github.io,2020-01-02 19:50:00 +0800,2020å¹´çš„æ–°å¹´ç¢ç¢å¿µ
hijiangtao.github.io,2019-01-20,ä¸ºå‰ç«¯å·¥ç¨‹å¸ˆå‡†å¤‡çš„ Flutter å…¥é—¨æŒ‡å—
hijiangtao.github.io,2017-11-10,\[è¯‘\] æŒæ¡ Koa ä¸­é—´ä»¶
hijiangtao.github.io,2018-08-21,\[è¯‘\] JavaScript å¼•æ“åŸºç¡€ï¼šåŸå‹ä¼˜åŒ–
hijiangtao.github.io,2014-02-19,Hadoopç¬¬ä¸€ä¸ªæ ·ä¾‹Wordcountè¿è¡Œç¬”è®°
hijiangtao.github.io,2018-04-20,\[è¯‘\] è¶…å¤§å‹ JavaScript åº”ç”¨çš„è®¾è®¡å“²å­¦
hijiangtao.github.io,2019-07-01,ä¸ºè¿‡å»è¿™ä¸€å¹´å†™ä¸Šå‡ å¥
hijiangtao.github.io,2018-12-16,å…³äºæ—…è¡Œè€…1å·çš„ä¸€æ®µæ•…äº‹
hijiangtao.github.io,2018-07-14,2018 Google ç§»åŠ¨æŠ€æœ¯æœ€æ–°è¿›å±•é€Ÿè§ˆ
hijiangtao.github.io,2020-07-22,ç”¨ puppeteer å®ç°ç½‘ç«™è‡ªåŠ¨åˆ†é¡µæˆªå–çš„è¶£äº‹
hijiangtao.github.io,2018-11-24,èµ¶ä¸Š ECMAScript æ½®æµï¼šç”¨ç°ä»£ JavaScript ç¼–ç¨‹
hijiangtao.github.io,2018-02-11,JavaScript åå¤§æ–‡ç« æœˆåˆŠ
hijiangtao.github.io,2018-07-01,æŒ‰ç…§æƒ¯ä¾‹ï¼Œè¿™ä¸‰å¹´éœ€è¦ä¸€ä¸ªæ€»ç»“
hijiangtao.github.io,2019-01-30,è¿‡å»ä¸€å¹´é‡Œçœ‹è¿‡çš„å››éƒ¨å‰§
hijiangtao.github.io,2019-05-08,Google I/O 2019 - Flutter for Web
hijiangtao.github.io,2018-01-23,\[è¯‘\] ä»1.8ä¸‡ç¯‡æ–‡ç« ä¸­è„±é¢–è€Œå‡º45ä¸ªæœ€æ£’çš„ React.js å­¦ä¹ æŒ‡å—ï¼ˆ2018ç‰ˆï¼‰
hijiangtao.github.io,2020-08-01,åå¹´å‰çš„å¤§æ’¤é€€ä¼šåœ¨ TikTok èº«ä¸Šé‡æ¼”å—
hijiangtao.github.io,2017-04-14,ç”¨ ES2015 å®ç°ä¸€ä¸ªç®€å•çš„åŠ›å¯¼å‘å¯è§†åŒ–å›¾åº“
hijiangtao.github.io,2014-02-14,jdkå®‰è£…ä¸é…ç½®æ•™ç¨‹
hijiangtao.github.io,2018-06-17,\[è¯‘\] JavaScript å¼•æ“åŸºç¡€ï¼šShapes å’Œ Inline Caches
hijiangtao.github.io,2020-02-15,ç»„åˆ a æ ‡ç­¾ä¸ canvas å®ç°å›¾ç‰‡èµ„æºçš„å®‰å…¨ä¸‹è½½
hijiangtao.github.io,2014-02-18,Hadoop1.2.1ä¼ªåˆ†å¸ƒå¼å‡çº§å…¨åˆ†å¸ƒå¼é›†ç¾¤æ”¹è£…ç¬”è®°
hijiangtao.github.io,2014-02-07,2014å¹´ç¾å›½æ•°å­¦å»ºæ¨¡é¢˜ç›®åŠç¿»è¯‘
hijiangtao.github.io,2019-08-25,JavaScript æ¨¡å—åŒ–æ–¹æ¡ˆæ€»ç»“
hijiangtao.github.io,2019-03-21,åŠ¨æ€åˆ›å»º Web Worker å®è·µæŒ‡å—
hijiangtao.github.io,2019-02-24,ä»é›¶å¼€å§‹å­¦ä¹ æ—¶ç©ºæ•°æ®å¯è§†åŒ–ï¼ˆåºï¼‰
hijiangtao.github.io,2018-12-22,Let's GAN å‰ä¼ ï¼šç®€å•èŠèŠäººè„¸è¯†åˆ«
hijiangtao.github.io,2019-01-17,è®©æˆ‘ä»¬åœ¨2019å¹´é‡æ–°è®¤è¯† Flutter
hijiangtao.github.io,2019-08-03,ç»˜åˆ¶ D3 TreeMap åŠ¨ç”»çš„ä¸€äº›è®¾è®¡æ€è·¯
hijiangtao.github.io,2018-04-17,Docker å­¦ä¹ æ–°æ‰‹ç¬”è®°ï¼šä»å…¥é—¨åˆ°æ”¾å¼ƒ
hijiangtao.github.io,2020-12-01,Performance ä¸ Web Vitals ä»‹ç»
hijiangtao.github.io,2020-05-04,HTML Drag/Drop API ä»‹ç»
hijiangtao.github.io,2020-12-06,2020ï¼Œä½ èƒ½å†ç»™æˆ‘å†™å°ä¿¡å—ï¼Ÿ
hijiangtao.github.io,2017-12-23,å¦‚ä½•ä»¥æ­£ç¡®çš„å§¿æ€è®©@å¾®ä¿¡å®˜æ–¹ç»™æˆ‘æˆ´ä¸€ä¸ªåœ£è¯å¸½ä¸æŠ€æœ¯å®ç°åŸç†å‰–æ
hijiangtao.github.io,2019-08-31,webpack åŸºç¡€é…ç½®æ‘˜è¦
hijiangtao.github.io,2017-07-31,\[è¯‘\] WebAssembly FAQ - å¸¸è§ç–‘æƒ‘ä¸è§£ç­”
hijiangtao.github.io,2018-08-09,è°ˆè°ˆ App Shell ä¸ Skeleton Screen å®ç°
hijiangtao.github.io,2019-06-19,é€ ç –æŒ‡å—
hijiangtao.github.io,2020-07-01,è¸å…¥ç¤¾ä¼šè¿™ä¸¤å¹´
hijiangtao.github.io,2019-05-28,Rustå­¦ä¹ ç¬”è®° - å˜é‡ã€æ•°æ®ç±»å‹ä¸æ§åˆ¶æµ
hijiangtao.github.io,2020-12-25,å›å¤2020çš„ä¿¡ä»¶ï¼šå•è°ƒç”Ÿæ´»ç‹‚æƒ³æ›²
hijiangtao.github.io,2018-12-24,æ„Ÿè°¢2018æ‰€ç»™äºˆçš„è¿™äº›
hijiangtao.github.io,2019-09-27,Introduction of Algebraic Effects
hijiangtao.github.io,2020-05-29,æ¬¢è¿æ¥åˆ° Deno ä¸–ç•Œ
hijiangtao.github.io,2019-04-03,ä»é›¶å¼€å§‹å­¦ä¹ æ—¶ç©ºæ•°æ®å¯è§†åŒ–ï¼ˆä¸€ï¼‰
hijiangtao.github.io,2018-01-25,\[è¯‘\] ä»2.4ä¸‡ç¯‡æ–‡ç« ä¸­æŒ‘å‡ºçš„æœ€æ£’çš„ JavaScript å­¦ä¹ æŒ‡å—ï¼ˆ2018ç‰ˆï¼‰
hijiangtao.github.io,2014-02-22,ä¸ºä»€ä¹ˆè¦æ¢ç´¢å®‡å®™ï¼Ÿ
hijiangtao.github.io,2020-01-30,Angular ControlValueAccessor - è‡ªå®šä¹‰è¡¨å•æ§ä»¶ä»‹ç»ä¸å®æˆ˜
hijiangtao.github.io,2021-01-25,å¦‚ä½•å®ç°ä¸€ä¸ªå‰ç«¯ç›‘æ§å›æ”¾ç³»ç»Ÿ
hijiangtao.github.io,2016-09-24,"Step by Step - Introduction, installation and simple examples of D3"
hijiangtao.github.io,2018-08-04,ç²¾è¯» The Cost of JavaScript In 2018
hijiangtao.github.io,2019-02-01,WebGL åŸºç¡€æ¦‚å¿µå­¦ä¹ æ‘˜è¦ï¼ˆä¸Šï¼‰
hijiangtao.github.io,2015-08-28,Some tips about learning JavaScript
hijiangtao.github.io,2019-05-30,Rustå­¦ä¹ ç¬”è®° - æµ‹è¯•ä¸å­—ç¬¦ä¸²
hijiangtao.github.io,2014-02-23,POJ1753æ£‹ç›˜ç¿»è½¬é—®é¢˜è§£é¢˜æŠ¥å‘Š
hijiangtao.github.io,2020-05-08,Angular çŠ¶æ€ç®¡ç†æ–¹æ¡ˆè°ƒç ”
hijiangtao.github.io,2014-07-09 00:02:00,2014å¹´7æœˆ9æ—¥
hijiangtao.github.io,2014-03-21 20:00:00,Linuxç¯å¢ƒä¸‹Rè¯­è¨€å®‰è£…ç¬”è®°
hijiangtao.github.io,2017-08-03,å¦‚ä½•ç›‘å¬é¡µé¢ DOM å˜åŠ¨å¹¶é«˜æ•ˆå“åº”
hijiangtao.github.io,2019-08-31,JavaScript è€ƒå¤å²é—²èŠ
hijiangtao.github.io,2019-07-05,Diff ECMAScript 2019
hijiangtao.github.io,2020-01-16,é¼ æ ‡äº‹ä»¶åŸºç¡€å›é¡¾
hijiangtao.github.io,2016-12-31,æ€»æœ‰é‚£ä¹ˆä¸€åˆ»è®©æˆ‘å›å¿†èµ·ï¼Œä¸è¯´å†è§è¿™ä¸€å¹´
hijiangtao.github.io,2020-08-04,RxJS Subject åŠå…¶å˜ä½“ä¸€æ¢ç©¶ç«Ÿ
hijiangtao.github.io,2014-03-23 23:00:00,Linuxç¯å¢ƒä¸‹RHadoopé…ç½®ç¬”è®°
hijiangtao.github.io,2014-05-10 15:00:00,Sparkçš„å•æœºéƒ¨ç½²ä¸æµ‹è¯•ç¬”è®°
hijiangtao.github.io,2016-04-01,æ—¶ç©ºæ•°æ®å¯è§†åˆ†æä¸å¯è§†åŒ–è¯»ä¹¦ç¬”è®°
hijiangtao.github.io,2016-11-07,Visual Comparison of Customer Stickiness in Retail Stores
hijiangtao.github.io,2014-08-29 20:00,"Dark-Tech, A New Hexo Theme"
hijiangtao.github.io,2019-09-19,Flatã€Gouraudã€Phong Shading ç€è‰²æ–¹æ³•å¯¹æ¯”
hijiangtao.github.io,2018-02-06,\[è¯‘\] ä»1ä¸‡ç¯‡æ–‡ç« ä¸­æŒ‘å‡ºçš„40ç¯‡æœ€æ£’çš„ Vue å­¦ä¹ æŒ‡å—ï¼ˆ2018ç‰ˆï¼‰
hijiangtao.github.io,2019-05-30,Rustå­¦ä¹ ç¬”è®° - æ¨¡å—ç³»ç»Ÿ
hijiangtao.github.io,2020-01-12,Code Review æ—¶èƒ½ç”¨ä¸Šçš„ä¸€äº› Git æ“ä½œ
hijiangtao.github.io,2019-05-29,Rustå­¦ä¹ ç¬”è®° - å‡½æ•°ä¸æ‰€æœ‰æƒ
hijiangtao.github.io,2018-03-23,D3 è¿æ¥å…¨æ–°ç‰ˆæœ¬ 5.0 å‘å¸ƒ
hijiangtao.github.io,2015-01-03 12:00,ä½ çœ‹çœ‹ï¼Œè¿™ä¸€å¹´
hijiangtao.github.io,2014-04-05 19:00:00,D3.jså­¦ä¹ ç¬”è®°ï¼šç®€å•æ¡å½¢å›¾åˆ¶ä½œ
hijiangtao.github.io,2018-11-16,JavaScript åŸºç¡€ï¼šBabel è½¬è¯‘ class è¿‡ç¨‹çª¥æ¢
hijiangtao.github.io,2017-07-09,çŸ¥è¯†ç‚¹æ•´ç† - å‰ç«¯æ¶‰åŠçš„å„ç§åƒç´ æ¦‚å¿µä»¥åŠ viewport æ±‡æ€»
hijiangtao.github.io,2019-12-26,å›å¤2019çš„ä¿¡ä»¶
hijiangtao.github.io,2017-05-03,"Three.js å…¥é—¨ä¸æ‰«ç›²-åŸºç¡€ç»“æ„,åæ ‡ç³»ä¸å‡ ä½•ç±»å‹ä»‹ç»"
hijiangtao.github.io,2018-01-12,æ ¡æ‹›ç»“æŸï¼Œè°ˆè°ˆæˆ‘å¯¹ç¬¬ä¸€ä»½å·¥ä½œçš„è®¤è¯†
hijiangtao.github.io,2020-01-13,å“åº”å¼ç¼–ç¨‹å…¥é—¨æŒ‡å— - é€šä¿—æ˜“æ‡‚ RxJS
hijiangtao.github.io,2018-07-21,\[è¯‘\] JavaScript æ‰“æ€ªå‡çº§ï¼šä½ è¿˜å¯ä»¥è¿™æ ·ç”¨ Class æ¥é‡æ„é¡¹ç›®ä»£ç 
hijiangtao.github.io,2019-04-12,ç¤¾äº¤ç½‘ç»œé…å›¾å®‰å…¨æŒ‡å—
hijiangtao.github.io,2016-10-01,\[è¯‘\] Vue.js 2.0 Introduction
hijiangtao.github.io,2016-11-10,Learning in IEEE VIS 2016
hijiangtao.github.io,2018-01-31,\[è¯‘\] ä»1.6ä¸‡ç¯‡æ–‡ç« ä¸­æŒ‘å‡ºçš„æœ€æ£’çš„ Web å¼€å‘å­¦ä¹ æŒ‡å—ï¼ˆ2018ç‰ˆï¼‰
hijiangtao.github.io,2020-02-29,åœ¨å®¶åŠå…¬è¿™ä¸€ä¸ªæœˆ
hijiangtao.github.io,2018-09-23,æˆ‘çš„äººç”Ÿæ¯å¤©éƒ½åœ¨ä¸¾åŠä¸€ç­¹è«å±•
hijiangtao.github.io,2017-12-18,\[è¯‘\] 2017å‰ç«¯æŠ€æœ¯å‘å±•å›é¡¾
hijiangtao.github.io,2019-06-01,å¦‚æœæœ‰æ—¶å…‰æœº
hijiangtao.github.io,2015-11-05,åˆ°åº•èƒ½ä¸èƒ½è¡Œï¼Œå­¦æ¸£æ¶›çš„æ·±å¤œæ„Ÿæ…¨
hijiangtao.github.io,2017-06-13,å‰ç«¯è·¨åŸŸè¯·æ±‚è§£å†³æ–¹æ¡ˆæ±‡æ€»
hijiangtao.github.io,2017-05-07,"\[è¯‘\] JavaScript ä¸­è‡³å…³é‡è¦çš„ Apply, Call å’Œ Bind"
hijiangtao.github.io,2018-01-08,èŠèŠ JavaScript ä¸æµè§ˆå™¨çš„é‚£äº›äº‹ - å¼•æ“ä¸çº¿ç¨‹
hijiangtao.github.io,2019-12-01,è®©æˆ‘ä»¬æ¥å†™ä¸ª webpack æ’ä»¶
hijiangtao.github.io,2017-06-19,React ä¸ Vue çš„å®è·µæ€»ç»“
hijiangtao.github.io,2013-12-21,è¿˜æœ‰åå¤©ï¼Œå†è§2013ï¼
hijiangtao.github.io,2019-06-04,Rustå­¦ä¹ ç¬”è®° - é”™è¯¯å¤„ç†
hijiangtao.github.io,2017-08-20,HTML5 History API å’Œ Location å¯¹è±¡å‰–æ
hijiangtao.github.io,2020-07-12,ä¸ TypeScript ç›¸å…³çš„ä¸€äº›è®°å½•
hijiangtao.github.io,2020-01-17,å…³äº Angular NgZone çš„ä¸€äº›ä»‹ç»
hijiangtao.github.io,2017-07-02,çŸ¥è¯†ç‚¹æ•´ç† - Redux ä»‹ç»ä¸åŸºç¡€
hijiangtao.github.io,2014-02-17,Hadoop1.2.1ä¼ªåˆ†å¸ƒæ¨¡å¼å®‰è£…æ•™ç¨‹
hijiangtao.github.io,2014-04-30 21:00:00,å¤§æ•°æ®åˆ©å™¨ï¼šæµ…è°ˆæ•°æ®å¯è§†åŒ–
hijiangtao.github.io,2017-06-03,æ‚¨çš„ç¬¬ä¸€ä¸ª Progressive Web App å®è·µç¬”è®°
hijiangtao.github.io,2020-04-29,Coding with Angular - Tips and Tricks
hijiangtao.github.io,2020-07-06,åŸºäº Jasmine å’Œ Karma çš„å•å…ƒæµ‹è¯•åŸºç¡€æ•™ç¨‹
hijiangtao.github.io,2017-12-31,æˆ‘çš„2017å¹´ç»ˆæ€»ç»“
hijiangtao.github.io,2020-01-15,å¦‚ä½•ç”¨ CSS å¼ºè°ƒæ ‡è®°æ–‡æœ¬å…ƒç´ 
hijiangtao.github.io,2020-07-13,TypeScript æšä¸¾ç±»å‹ç”¨æ³•ç¤ºä¾‹
hijiangtao.github.io,2020-05-04,å…³äºäº”å››
hijiangtao.github.io,2020-08-05,RxJS tslint è§„åˆ™ä¸æ¨èé…ç½®
hijiangtao.github.io,2020-05-21,å‰ç«¯ç»„ä»¶åº“æœ¬åœ°å¼€å‘è°ƒè¯•çš„è‡ªåŠ¨åŒ–æµç¨‹å®ç°
knightyun.github.io,2020-01-12,JavaScript æ•°ç»„æ’åºè¯¦è§£
knightyun.github.io,2019-01-27,CSS3 ä¹‹ 2D ä¸ 3D å˜æ¢
knightyun.github.io,2018-05-23,JavaScript ä¸­è¯­å¥ä¸å‡½æ•°çš„æ‰§è¡Œè¾¨æ
knightyun.github.io,2019-05-11,JavaScript å®ç°å…ƒç´ å…¨æ’åˆ—
knightyun.github.io,2018-04-28,C è¯­è¨€ä¹‹å˜é‡å­˜å‚¨ç±»å‹ä¸é“¾æ¥å±æ€§
knightyun.github.io,2019-03-04,ä¸ªäººåšå®¢ç½‘ç«™æ·»åŠ æ–‡ç« æœç´¢åŠŸèƒ½
knightyun.github.io,2018-04-21,Kali Linux ä¹‹è½¯ä»¶å®‰è£…ã€å¸è½½ã€æ›´æ–°å’Œä¿®æ”¹æ›´æ–°æº
knightyun.github.io,2020-03-21,å…³äºæµ®ç‚¹æ•°çš„å‰ªä¸æ–­ç†è¿˜ä¹±
knightyun.github.io,2019-10-07,JavaScript ç±»å‹è½¬æ¢çš„æœ‰è¶£åº”ç”¨
knightyun.github.io,2019-05-01,ECMAScript å‘å±•ç®€å²
knightyun.github.io,2019-09-03,JavaScript æ±‚æœ€å°å…¬å€æ•°
knightyun.github.io,2019-01-27,JavaScript æ·±åº¦è¿­ä»£éå†æœªçŸ¥å¯¹è±¡
knightyun.github.io,2019-08-02,async ä¸ await çš„ç”¨æ³•è¯¦è§£
knightyun.github.io,2018-06-01,jQuery åˆè¯†ä¹‹å®‰è£…ä¸è¯­æ³•ç®€ä»‹
knightyun.github.io,2018-04-06,ä½è¿ç®—ç¬¦ä¸ä½è¿ç®—
knightyun.github.io,2018-04-01,æ­å»º Github Pages ä¸ªäººåšå®¢ç½‘ç«™
knightyun.github.io,2018-04-06,é€’å½’å‡½æ•°ä¹‹é˜¶ä¹˜çš„å®ç°
knightyun.github.io,2019-01-27,"UTF-8, ASCII, Unicode çš„ä»‹ç»ä¸åŒºåˆ†"
knightyun.github.io,2018-04-24,è´ªåƒè›‡ C è¯­è¨€æºç ä¸ç®—æ³•åˆ†æ
knightyun.github.io,2020-09-03,React ç»„ä»¶é—´ä¼ å€¼çš„å‡ ç§æƒ…å½¢
knightyun.github.io,2018-05-22,CSS æ ·å¼ä¹‹å†…å®¹å±…ä¸­æ–¹æ³•
knightyun.github.io,2020-01-14,ä¸ªäººåšå®¢ç½‘ç«™æ–‡ç« æ·»åŠ ç›®å½•å¯¼èˆª
knightyun.github.io,2019-09-02,JavaScript å˜å¼‚ä¸éå˜å¼‚æ•°ç»„æ–¹æ³•
knightyun.github.io,2019-09-02,JavaScript å˜é‡æå‡ï¼ˆHoistingï¼‰è¯¦è§£
knightyun.github.io,2018-05-31,JavaScript é—­åŒ…è¯¦è§£
knightyun.github.io,2020-09-10,è®°ä¸€æ¬¡ React ç»„ä»¶æ— æ³•æ›´æ–°çŠ¶æ€å€¼çš„é—®é¢˜åˆ†æä¸è§£å†³
knightyun.github.io,2019-01-27,Linux ä¸­ apt install çš„ lock é—®é¢˜
knightyun.github.io,2018-05-22,web æµè§ˆå™¨è¿›åŒ–ç®€å²
knightyun.github.io,2018-05-04,CSS å¸ƒå±€æ¨¡å‹è¯¦ç»†ä»‹ç»
knightyun.github.io,2021-01-18,Git ä»“åº“ä¸­æ–‡ä»¶åå¤§å°å†™é—®é¢˜
knightyun.github.io,2019-05-01,JavaScript ä¹‹å¸¸è§ç®—æ³•æ’åº
knightyun.github.io,2018-03-30,C è¯­è¨€ç»Ÿè®¡ç´ æ•°
knightyun.github.io,2019-01-27,CSS3 è¿‡æ¸¡ä¸åŠ¨ç”»
knightyun.github.io,2018-04-15,Linux åˆè¯†ä¹‹ Kali Linux ç³»ç»Ÿå®‰è£…è¯¦ç»†æ•™ç¨‹ï¼ˆè™šæ‹Ÿæœºï¼‰
knightyun.github.io,2018-06-01,JavaScript é€»è¾‘è¿ç®—ç¬¦ â€œ&&â€ å’Œ â€œ||â€ çŸ­è·¯åŸåˆ™çš„åº”ç”¨
knightyun.github.io,2019-01-27,CSS å•ä½ä¸å°ºå¯¸å‚æ•°
knightyun.github.io,2018-03-28,Markdown å®Œæ•´è¯­æ³•è¯´æ˜
knightyun.github.io,2019-01-27,Base64 ç ç®€ä»‹
knightyun.github.io,2018-12-08,ç”µè„‘å›ºæ€ç¡¬ç›˜æ¥å£è¾¨æ
knightyun.github.io,2020-11-29,Redux ä¸»è¦çŸ¥è¯†å­¦ä¹ æ€»ç»“
knightyun.github.io,2020-01-10,æ‰‹æœºç«¯ï¼ˆå®‰å“ï¼‰å®‰è£… Kali Linux ç³»ç»Ÿè¯¦ç»†æ•™ç¨‹
knightyun.github.io,2020-03-09,JavaScriptä¸äºŒè¿›åˆ¶æ•°æ®çš„æ©æ€¨æƒ…ä»‡
knightyun.github.io,2018-03-27,Markdown ç®€æ˜æ•™ç¨‹
knightyun.github.io,2020-05-23,æå‡å¼€å‘æ•ˆç‡çš„ Chrome å¼€å‘è€…å·¥å…·å¿«æ·é”®å‚è€ƒ
knightyun.github.io,2020-04-15,Kali Linuxç³»ç»Ÿè®¾ç½®ä¸­æ–‡è¯­è¨€ç¯å¢ƒ
knightyun.github.io,2018-05-31,addEventListener æ–¹æ³•ä¸ on äº‹ä»¶çš„åŒºåˆ«
knightyun.github.io,2018-11-25,æ­å»ºä¸ªäººè®ºå›ç½‘ç«™å›¾æ–‡æ•™ç¨‹
knightyun.github.io,2019-09-02,JavaScript å®ç°æ–æ³¢é‚£å¥‘æ•°åˆ—ï¼ˆFebonacci Arrayï¼‰
knightyun.github.io,2018-05-24,JavaScript è®¡æ—¶å™¨å‡½æ•°ç”¨æ³•
knightyun.github.io,2018-03-30,C è¯­è¨€æ‰“å°ä¹ä¹ä¹˜æ³•è¡¨
knightyun.github.io,2018-04-10,C è¯­è¨€è‡ªå¢è‡ªå‡è¿ç®—è¾¨æ
knightyun.github.io,2020-05-20,è®°ä¸€æ¬¡Windowsç”µè„‘å¼€æœºç™»å½•åé»‘å±çš„é—®é¢˜åˆ†æä¸æ’æŸ¥
knightyun.github.io,2019-05-01,JavaScript é¢å‘å¯¹è±¡ç¼–ç¨‹
knightyun.github.io,2018-03-30,C è¯­è¨€ç»Ÿè®¡é—°å¹´
knightyun.github.io,2020-05-24,æå‡ Linux ç»ˆç«¯å‘½ä»¤æ•²å†™æ•ˆç‡çš„å¿«æ·é”®å‚è€ƒ
knightyun.github.io,2019-01-27,Kali Linux è‡ªå®šä¹‰åˆ†è¾¨ç‡
knightyun.github.io,2020-03-13,JavaScriptä¹‹æ³¨é‡Šè§„èŒƒåŒ–ï¼ˆJSDocï¼‰
knightyun.github.io,2021-01-17,JavaScript ç»å…¸è®¾è®¡æ¨¡å¼
knightyun.github.io,2019-01-27,ç”¨ CSS ç”»ä¸€äº›å¤šè¾¹å½¢çŠ¶
knightyun.github.io,2019-01-27,Linux å¼ºè¡Œå–æ¶ˆæŒ‚è½½
knightyun.github.io,2018-04-04,åè¿›åˆ¶è´Ÿæ•°çš„äºŒè¿›åˆ¶è¡¨ç¤ºæ³•
knightyun.github.io,2019-09-02,"JavaScript ä¸­ try, catch, throw çš„ç”¨æ³•"
knightyun.github.io,2019-01-27,ç¼–ç¨‹èŒƒå¼ä¹‹å‘½ä»¤å¼ä¸å‡½æ•°å¼
knightyun.github.io,2019-01-27,css å±æ€§å‰æµè§ˆå™¨å‚å•†å‰ç¼€
knightyun.github.io,2019-06-20,Linux ä¸­ sudo å…å¯†ç 
knightyun.github.io,2019-05-01,JavaScript ä¹‹ callï¼Œbindï¼Œapply æ–¹æ³•åŠ this çš„ç”¨æ³•è¾¨æ
knightyun.github.io,2019-06-20,JavaScript äº‹ä»¶å¾ªç¯
knightyun.github.io,2018-05-02,CSS é€‰æ‹©å™¨è¯¦ç»†ä»‹ç»
knightyun.github.io,2018-04-25,C è¯­è¨€ä¹‹éšæœºæ•°å‡½æ•°ï¼ˆrand()ï¼‰çš„ä½¿ç”¨æ–¹æ³•
knightyun.github.io,2019-08-02,JavaScript ç¨€ç–æ•°ç»„
