ditou.org,103,80,2021-02-25T20:10:25+08:00,Clubhouse 初体验
onetwo.ren,23,88,2020-04-13 15:58:31 +0800,用TiddlyWiki替代Notion和EverNote作为个人知识管理系统
jalenz.cn,37,15,2024-01-08,Hi 2024
vivaxyblog.github.io,94,51,2021-03-07,SameSite Cookies 解读
jaredtao.gitee.io,37,50,2021-01-21 13:44:23,玩转QtQuick(2)-默认渲染器
claude-ray.github.io,54,8,2022-06-28 12:16:30,浅谈 npm 依赖治理
iphyer.github.io,236,1861,2024-01-15 22:54,USA印象20: 夏威夷-欧胡岛游记
mabbs.github.io,144,33,2024-03-16,如何用requests库验证证书
thewanderingpotato.github.io,11,133,2021-03-26,中式膝跳反應
zsqk.github.io,49,0,2023-05-01,GitHub 投票设计
luyuhuang.github.io,76,78,2024-01-01,2023 Annual Review
jasonkayzk.github.io,482,54,2024-03-22 10:08:01,【译】实现一个简单的内存分配器
qingbob.com,114,187,2024-03-31,学习 Tensorflow 的困境与解药
cyril3.github.io,19,0,需git信息,Bingwhispers | Hi there!
hijiangtao.github.io,149,369,2024-01-27,冬日打车日记
knightyun.github.io,78,17,2022-07-17,SSH协议中隧道与代理的用法详解
shrekshao.github.io,48,145,2021-02-24,更新了吴健雄院队和健雄杯的网站
alxddh.github.io,3,11,2019-11-15 17:32:09 +0800,UGF 源码阅读笔记：（1）安装
objcoding.com,180,134,2023-5-8,深度剖析分布式事务，轻松掌握实现原理与应用技巧！
lineuman_blog,105,0,2020-04-18,怎么去下载视频
yk-liu.github.io,2,79,2018-12-12,Sample Post - Markdown Syntax
Liu0330.github.io,4,13,2019-04-10,Django-安装xadmin的方法及主要配置方法
blog.biezhi.me,27,15,2019-01-21,零拷贝 - 用户态分析
www.cnfeat.com,754,15,2024-02-25,《灵感觉醒100条》：激发灵感行动之法
www.barretlee.com,406,455,2023-10-27 15:13:00,Load 持续飙高的原理讲解和应急机制
www.jeffjade.com,78,24,2018-09-21 00:21:21 +0800,快应用之开发体验纪要
blog.forecho.com,469,33,2024-03-17T00:01:00+08:00,家人被诈骗了
codeinchinese.com,384,206,2024-03-30,新手搭建博客求助？
gitee.com/MulanRevive/bounty,76,41,需git信息,README
f2h2h1.github.io,50,78,需git信息,一些关于Linux的笔记
aemoncao.github.io,60,656,2022-11-21 11:18:17,榨干这台 NAS 第 004 话-刮削
dianjiaogit.github.io,33,3,2023-5-27 02:00:00 +1000,ChatGPT Prompt Engineering for Developers学习笔记
xieguanglei.github.io,44,19,需git信息,flutter-code-chapter-02
conge.livingwithfcs.org,1793,4990,2024-03-25 14:17:12,新爸五年计划 - 353 喉咙的启示
shiina18.github.io,168,210,2024-01-10,读文章: Understanding Pins through keyword extraction
blog.mauve.icu,132,39,2024-03-31 20:27:55,Codeforces Round 923 (Div. 3)
young-lord.github.io,57,15,2024-01-12,Inconventional Commits
sakurawald.github.io,32,839,2024-03-14 04:08:14,rescue - system corrupted after forced shutdown during system upgrade
jerkwin.github.io,505,2122,9999-12-31,GROMACS中文手册
kexizeroing.github.io,66,4,需git信息,Algorithm Basics
lihan3238.github.io,0,135,,
xnum.github.io,130,475,需git信息,template page
